2026-07-01 16:23:48,454 - INFO - Starting BESS Orchestrator. Polling for jobs...
2026-07-01 21:45:17,735 - INFO - Starting BESS Orchestrator. Polling for jobs...
2026-07-01 21:45:17,751 - ERROR - Error in orchestration polling loop: not enough values to unpack (expected 12, got 0)
Traceback (most recent call last):
  File "C:\Users\vatsv\OneDrive\Desktop\Energy_Transition_Projects\Battery_Arbitrage_Engine\bess_orchestrator.py", line 73, in main
    job_id, power_mw, energy_mwh, capex_per_kwh, opex_per_mw, wacc, lifespan, grid_fee_import, efficiency_store, efficiency_dispatch, depth_of_discharge, degradation_penalty = row
    ^^^^^^^^^^^^^^^^^^^^^^^^^^^^^^^^^^^^^^^^^^^^^^^^^^^^^^^^^^^^^^^^^^^^^^^^^^^^^^^^^^^^^^^^^^^^^^^^^^^^^^^^^^^^^^^^^^^^^^^^^^^^^^^^^^^^^^^^^^^^^^^^^^^^^^^^^^^^^^^^^^^^^^^^^
ValueError: not enough values to unpack (expected 12, got 0)
2026-07-01 21:45:54,656 - INFO - Starting BESS Orchestrator. Polling for jobs...
2026-07-01 21:45:54,656 - ERROR - Error in orchestration polling loop: not enough values to unpack (expected 12, got 0)
Traceback (most recent call last):
  File "C:\Users\vatsv\OneDrive\Desktop\Energy_Transition_Projects\Battery_Arbitrage_Engine\bess_orchestrator.py", line 73, in main
    job_id, power_mw, energy_mwh, capex_per_kwh, opex_per_mw, wacc, lifespan, grid_fee_import, efficiency_store, efficiency_dispatch, depth_of_discharge, degradation_penalty = row
    ^^^^^^^^^^^^^^^^^^^^^^^^^^^^^^^^^^^^^^^^^^^^^^^^^^^^^^^^^^^^^^^^^^^^^^^^^^^^^^^^^^^^^^^^^^^^^^^^^^^^^^^^^^^^^^^^^^^^^^^^^^^^^^^^^^^^^^^^^^^^^^^^^^^^^^^^^^^^^^^^^^^^^^^^^
ValueError: not enough values to unpack (expected 12, got 0)
2026-07-01 21:46:04,972 - INFO - Starting BESS Orchestrator. Polling for jobs...
2026-07-01 21:46:04,972 - INFO - Picked up job job_1. Status set to RUNNING.
2026-07-01 21:46:05,649 - INFO - Job job_1 optimization completed in 0.673 seconds.
2026-07-01 21:46:05,672 - INFO - Job job_1 processed successfully.
2026-07-01 21:46:23,446 - INFO - Starting BESS Orchestrator. Polling for jobs...
2026-07-01 21:46:23,446 - INFO - Picked up job job_1. Status set to RUNNING.
2026-07-01 21:46:24,051 - INFO - Job job_1 optimization completed in 0.603 seconds.
2026-07-01 21:46:24,052 - INFO - Job job_1 processed successfully.
2026-07-01 21:47:06,244 - INFO - Picked up job 3e407963-1bf6-4230-afe1-d65d91b2f15a. Status set to RUNNING.
2026-07-01 21:47:06,314 - ERROR - Job 3e407963-1bf6-4230-afe1-d65d91b2f15a failed during execution: Snapshots must not be empty.
Traceback (most recent call last):
  File "C:\Users\vatsv\OneDrive\Desktop\Energy_Transition_Projects\Battery_Arbitrage_Engine\bess_orchestrator.py", line 92, in main
    dispatch_df = quant_engine.optimize_dispatch(df, power_mw, energy_mwh, grid_fee_import, efficiency_store, efficiency_dispatch, depth_of_discharge, degradation_penalty)
                  ^^^^^^^^^^^^^^^^^^^^^^^^^^^^^^^^^^^^^^^^^^^^^^^^^^^^^^^^^^^^^^^^^^^^^^^^^^^^^^^^^^^^^^^^^^^^^^^^^^^^^^^^^^^^^^^^^^^^^^^^^^^^^^^^^^^^^^^^^^^^^^^^^^^^^^^^^
  File "C:\Users\vatsv\OneDrive\Desktop\Energy_Transition_Projects\Battery_Arbitrage_Engine\quant_engine.py", line 42, in optimize_dispatch
    n.set_snapshots(prices_df_naive.index)
  File "C:\Users\vatsv\AppData\Local\Programs\Python\Python311\Lib\site-packages\pypsa\network\index.py", line 109, in set_snapshots
    raise ValueError(msg)
ValueError: Snapshots must not be empty.
2026-07-01 22:37:29,113 - INFO - Starting BESS Orchestrator. Polling for jobs...
2026-07-01 22:37:29,114 - INFO - Picked up job job_1. Status set to RUNNING.
2026-07-01 22:37:29,718 - INFO - Job job_1 optimization completed in 0.602 seconds.
2026-07-01 22:37:29,719 - INFO - Job job_1 processed successfully.
2026-07-01 22:37:29,927 - INFO - Starting BESS Orchestrator. Polling for jobs...
2026-07-01 22:37:29,927 - INFO - Picked up job job_poison. Status set to RUNNING.
2026-07-01 22:37:30,347 - ERROR - Job job_poison failed during execution: 'lithium_ion_bess'
Traceback (most recent call last):
  File "C:\Users\vatsv\AppData\Local\Programs\Python\Python311\Lib\site-packages\pandas\core\indexes\base.py", line 3802, in get_loc
    return self._engine.get_loc(casted_key)
           ^^^^^^^^^^^^^^^^^^^^^^^^^^^^^^^^
  File "index.pyx", line 153, in pandas._libs.index.IndexEngine.get_loc
  File "index.pyx", line 182, in pandas._libs.index.IndexEngine.get_loc
  File "pandas\\_libs\\hashtable_class_helper.pxi", line 7081, in pandas._libs.hashtable.PyObjectHashTable.get_item
  File "pandas\\_libs\\hashtable_class_helper.pxi", line 7089, in pandas._libs.hashtable.PyObjectHashTable.get_item
KeyError: 'lithium_ion_bess'

The above exception was the direct cause of the following exception:

Traceback (most recent call last):
  File "C:\Users\vatsv\OneDrive\Desktop\Energy_Transition_Projects\Battery_Arbitrage_Engine\bess_orchestrator.py", line 89, in main
    dispatch_df = quant_engine.optimize_dispatch(df, power_mw, energy_mwh, grid_fee_import, efficiency_store, efficiency_dispatch, depth_of_discharge, degradation_penalty)
                  ^^^^^^^^^^^^^^^^^^^^^^^^^^^^^^^^^^^^^^^^^^^^^^^^^^^^^^^^^^^^^^^^^^^^^^^^^^^^^^^^^^^^^^^^^^^^^^^^^^^^^^^^^^^^^^^^^^^^^^^^^^^^^^^^^^^^^^^^^^^^^^^^^^^^^^^^^
  File "C:\Users\vatsv\OneDrive\Desktop\Energy_Transition_Projects\Battery_Arbitrage_Engine\quant_engine.py", line 77, in optimize_dispatch
    p_dispatch = n.storage_units_t.p_dispatch['lithium_ion_bess']
                 ~~~~~~~~~~~~~~~~~~~~~~~~~~~~^^^^^^^^^^^^^^^^^^^^
  File "C:\Users\vatsv\AppData\Local\Programs\Python\Python311\Lib\site-packages\pandas\core\frame.py", line 4090, in __getitem__
    indexer = self.columns.get_loc(key)
              ^^^^^^^^^^^^^^^^^^^^^^^^^
  File "C:\Users\vatsv\AppData\Local\Programs\Python\Python311\Lib\site-packages\pandas\core\indexes\base.py", line 3809, in get_loc
    raise KeyError(key) from err
KeyError: 'lithium_ion_bess'
2026-07-01 22:38:02,582 - INFO - Starting BESS Orchestrator. Polling for jobs...
2026-07-01 22:38:02,583 - INFO - Picked up job job_1. Status set to RUNNING.
2026-07-01 22:38:03,168 - INFO - Job job_1 optimization completed in 0.584 seconds.
2026-07-01 22:38:03,169 - INFO - Job job_1 processed successfully.
2026-07-01 22:38:04,943 - INFO - Starting BESS Orchestrator. Polling for jobs...
2026-07-01 22:38:04,943 - INFO - Picked up job job_poison. Status set to RUNNING.
2026-07-01 22:38:05,371 - ERROR - Job job_poison failed during execution: 'lithium_ion_bess'
Traceback (most recent call last):
  File "C:\Users\vatsv\AppData\Local\Programs\Python\Python311\Lib\site-packages\pandas\core\indexes\base.py", line 3802, in get_loc
    return self._engine.get_loc(casted_key)
           ^^^^^^^^^^^^^^^^^^^^^^^^^^^^^^^^
  File "index.pyx", line 153, in pandas._libs.index.IndexEngine.get_loc
  File "index.pyx", line 182, in pandas._libs.index.IndexEngine.get_loc
  File "pandas\\_libs\\hashtable_class_helper.pxi", line 7081, in pandas._libs.hashtable.PyObjectHashTable.get_item
  File "pandas\\_libs\\hashtable_class_helper.pxi", line 7089, in pandas._libs.hashtable.PyObjectHashTable.get_item
KeyError: 'lithium_ion_bess'

The above exception was the direct cause of the following exception:

Traceback (most recent call last):
  File "C:\Users\vatsv\OneDrive\Desktop\Energy_Transition_Projects\Battery_Arbitrage_Engine\bess_orchestrator.py", line 89, in main
    dispatch_df = quant_engine.optimize_dispatch(df, power_mw, energy_mwh, grid_fee_import, efficiency_store, efficiency_dispatch, depth_of_discharge, degradation_penalty)
                  ^^^^^^^^^^^^^^^^^^^^^^^^^^^^^^^^^^^^^^^^^^^^^^^^^^^^^^^^^^^^^^^^^^^^^^^^^^^^^^^^^^^^^^^^^^^^^^^^^^^^^^^^^^^^^^^^^^^^^^^^^^^^^^^^^^^^^^^^^^^^^^^^^^^^^^^^^
  File "C:\Users\vatsv\OneDrive\Desktop\Energy_Transition_Projects\Battery_Arbitrage_Engine\quant_engine.py", line 77, in optimize_dispatch
    p_dispatch = n.storage_units_t.p_dispatch['lithium_ion_bess']
                 ~~~~~~~~~~~~~~~~~~~~~~~~~~~~^^^^^^^^^^^^^^^^^^^^
  File "C:\Users\vatsv\AppData\Local\Programs\Python\Python311\Lib\site-packages\pandas\core\frame.py", line 4090, in __getitem__
    indexer = self.columns.get_loc(key)
              ^^^^^^^^^^^^^^^^^^^^^^^^^
  File "C:\Users\vatsv\AppData\Local\Programs\Python\Python311\Lib\site-packages\pandas\core\indexes\base.py", line 3809, in get_loc
    raise KeyError(key) from err
KeyError: 'lithium_ion_bess'
2026-07-01 22:43:26,049 - INFO - Starting BESS Orchestrator. Polling for jobs...
2026-07-01 22:43:26,050 - INFO - Picked up job job_1. Status set to RUNNING.
2026-07-01 22:43:26,665 - INFO - Job job_1 optimization completed in 0.614 seconds.
2026-07-01 22:43:26,666 - INFO - Job job_1 processed successfully.
2026-07-01 22:43:28,209 - INFO - Starting BESS Orchestrator. Polling for jobs...
2026-07-01 22:43:28,209 - INFO - Picked up job job_poison. Status set to RUNNING.
2026-07-01 22:43:28,619 - ERROR - Job job_poison failed during execution: 'lithium_ion_bess'
Traceback (most recent call last):
  File "C:\Users\vatsv\AppData\Local\Programs\Python\Python311\Lib\site-packages\pandas\core\indexes\base.py", line 3802, in get_loc
    return self._engine.get_loc(casted_key)
           ^^^^^^^^^^^^^^^^^^^^^^^^^^^^^^^^
  File "index.pyx", line 153, in pandas._libs.index.IndexEngine.get_loc
  File "index.pyx", line 182, in pandas._libs.index.IndexEngine.get_loc
  File "pandas\\_libs\\hashtable_class_helper.pxi", line 7081, in pandas._libs.hashtable.PyObjectHashTable.get_item
  File "pandas\\_libs\\hashtable_class_helper.pxi", line 7089, in pandas._libs.hashtable.PyObjectHashTable.get_item
KeyError: 'lithium_ion_bess'

The above exception was the direct cause of the following exception:

Traceback (most recent call last):
  File "C:\Users\vatsv\OneDrive\Desktop\Energy_Transition_Projects\Battery_Arbitrage_Engine\bess_orchestrator.py", line 101, in main
    dispatch_df = quant_engine.optimize_dispatch(df, power_mw, energy_mwh, grid_fee_import, efficiency_store, efficiency_dispatch, depth_of_discharge, degradation_penalty)
                  ^^^^^^^^^^^^^^^^^^^^^^^^^^^^^^^^^^^^^^^^^^^^^^^^^^^^^^^^^^^^^^^^^^^^^^^^^^^^^^^^^^^^^^^^^^^^^^^^^^^^^^^^^^^^^^^^^^^^^^^^^^^^^^^^^^^^^^^^^^^^^^^^^^^^^^^^^
  File "C:\Users\vatsv\OneDrive\Desktop\Energy_Transition_Projects\Battery_Arbitrage_Engine\quant_engine.py", line 77, in optimize_dispatch
    p_dispatch = n.storage_units_t.p_dispatch['lithium_ion_bess']
                 ~~~~~~~~~~~~~~~~~~~~~~~~~~~~^^^^^^^^^^^^^^^^^^^^
  File "C:\Users\vatsv\AppData\Local\Programs\Python\Python311\Lib\site-packages\pandas\core\frame.py", line 4090, in __getitem__
    indexer = self.columns.get_loc(key)
              ^^^^^^^^^^^^^^^^^^^^^^^^^
  File "C:\Users\vatsv\AppData\Local\Programs\Python\Python311\Lib\site-packages\pandas\core\indexes\base.py", line 3809, in get_loc
    raise KeyError(key) from err
KeyError: 'lithium_ion_bess'
2026-07-01 22:43:28,941 - INFO - Graceful shutdown requested via OS signal. Finishing current job before exiting...
2026-07-01 22:43:28,942 - INFO - Starting BESS Orchestrator. Polling for jobs...
2026-07-01 22:43:28,943 - INFO - Orchestrator shut down successfully.
2026-07-01 22:43:51,553 - INFO - Starting BESS Orchestrator. Polling for jobs...
2026-07-01 22:43:51,553 - INFO - Picked up job job_1. Status set to RUNNING.
2026-07-01 22:43:52,154 - INFO - Job job_1 optimization completed in 0.598 seconds.
2026-07-01 22:43:52,155 - INFO - Job job_1 processed successfully.
2026-07-01 22:43:54,000 - INFO - Starting BESS Orchestrator. Polling for jobs...
2026-07-01 22:43:54,000 - INFO - Picked up job job_poison. Status set to RUNNING.
2026-07-01 22:44:51,325 - INFO - Starting BESS Orchestrator. Polling for jobs...
2026-07-01 22:44:51,325 - INFO - Picked up job job_1. Status set to RUNNING.
2026-07-01 22:44:51,921 - INFO - Job job_1 optimization completed in 0.595 seconds.
2026-07-01 22:44:51,923 - INFO - Job job_1 processed successfully.
2026-07-01 22:44:53,353 - INFO - Starting BESS Orchestrator. Polling for jobs...
2026-07-01 22:44:53,353 - INFO - Picked up job job_poison. Status set to RUNNING.
2026-07-01 22:44:53,775 - ERROR - Job job_poison failed during execution: 'lithium_ion_bess'
Traceback (most recent call last):
  File "C:\Users\vatsv\AppData\Local\Programs\Python\Python311\Lib\site-packages\pandas\core\indexes\base.py", line 3802, in get_loc
    return self._engine.get_loc(casted_key)
           ^^^^^^^^^^^^^^^^^^^^^^^^^^^^^^^^
  File "index.pyx", line 153, in pandas._libs.index.IndexEngine.get_loc
  File "index.pyx", line 182, in pandas._libs.index.IndexEngine.get_loc
  File "pandas\\_libs\\hashtable_class_helper.pxi", line 7081, in pandas._libs.hashtable.PyObjectHashTable.get_item
  File "pandas\\_libs\\hashtable_class_helper.pxi", line 7089, in pandas._libs.hashtable.PyObjectHashTable.get_item
KeyError: 'lithium_ion_bess'

The above exception was the direct cause of the following exception:

Traceback (most recent call last):
  File "C:\Users\vatsv\OneDrive\Desktop\Energy_Transition_Projects\Battery_Arbitrage_Engine\bess_orchestrator.py", line 101, in main
    dispatch_df = quant_engine.optimize_dispatch(df, power_mw, energy_mwh, grid_fee_import, efficiency_store, efficiency_dispatch, depth_of_discharge, degradation_penalty)
                  ^^^^^^^^^^^^^^^^^^^^^^^^^^^^^^^^^^^^^^^^^^^^^^^^^^^^^^^^^^^^^^^^^^^^^^^^^^^^^^^^^^^^^^^^^^^^^^^^^^^^^^^^^^^^^^^^^^^^^^^^^^^^^^^^^^^^^^^^^^^^^^^^^^^^^^^^^
  File "C:\Users\vatsv\OneDrive\Desktop\Energy_Transition_Projects\Battery_Arbitrage_Engine\quant_engine.py", line 77, in optimize_dispatch
    p_dispatch = n.storage_units_t.p_dispatch['lithium_ion_bess']
                 ~~~~~~~~~~~~~~~~~~~~~~~~~~~~^^^^^^^^^^^^^^^^^^^^
  File "C:\Users\vatsv\AppData\Local\Programs\Python\Python311\Lib\site-packages\pandas\core\frame.py", line 4090, in __getitem__
    indexer = self.columns.get_loc(key)
              ^^^^^^^^^^^^^^^^^^^^^^^^^
  File "C:\Users\vatsv\AppData\Local\Programs\Python\Python311\Lib\site-packages\pandas\core\indexes\base.py", line 3809, in get_loc
    raise KeyError(key) from err
KeyError: 'lithium_ion_bess'
2026-07-01 22:44:53,783 - INFO - Starting BESS Orchestrator. Polling for jobs...
2026-07-01 22:44:53,783 - ERROR - Error in orchestration polling loop: database is locked
Traceback (most recent call last):
  File "C:\Users\vatsv\OneDrive\Desktop\Energy_Transition_Projects\Battery_Arbitrage_Engine\bess_orchestrator.py", line 76, in main
    cursor.execute('''
  File "C:\Users\vatsv\AppData\Local\Programs\Python\Python311\Lib\unittest\mock.py", line 1124, in __call__
    return self._mock_call(*args, **kwargs)
           ^^^^^^^^^^^^^^^^^^^^^^^^^^^^^^^^
  File "C:\Users\vatsv\AppData\Local\Programs\Python\Python311\Lib\unittest\mock.py", line 1128, in _mock_call
    return self._execute_mock_call(*args, **kwargs)
           ^^^^^^^^^^^^^^^^^^^^^^^^^^^^^^^^^^^^^^^^
  File "C:\Users\vatsv\AppData\Local\Programs\Python\Python311\Lib\unittest\mock.py", line 1187, in _execute_mock_call
    raise result
sqlite3.OperationalError: database is locked
2026-07-01 22:44:55,785 - INFO - Graceful shutdown requested via OS signal. Finishing current job before exiting...
2026-07-01 22:44:55,786 - INFO - Starting BESS Orchestrator. Polling for jobs...
2026-07-01 22:44:55,786 - INFO - Orchestrator shut down successfully.
2026-07-01 22:50:59,372 - INFO - Picked up job c795d047-9166-4100-80fb-65a9a1f7bc39. Status set to RUNNING.
2026-07-01 22:50:59,407 - ERROR - Job c795d047-9166-4100-80fb-65a9a1f7bc39 failed during execution: Snapshots must not be empty.
Traceback (most recent call last):
  File "C:\Users\vatsv\OneDrive\Desktop\Energy_Transition_Projects\Battery_Arbitrage_Engine\bess_orchestrator.py", line 92, in main
    df = pd.read_sql_query("SELECT * FROM day_ahead_prices", conn)
                  ^^^^^^^^^^^^^^^^^^^^^^^^^^^^^^^^^^^^^^^^^^^^^^^^^
  File "C:\Users\vatsv\OneDrive\Desktop\Energy_Transition_Projects\Battery_Arbitrage_Engine\quant_engine.py", line 42, in optimize_dispatch
    n.set_snapshots(prices_df_naive.index)
  File "C:\Users\vatsv\AppData\Local\Programs\Python\Python311\Lib\site-packages\pypsa\network\index.py", line 109, in set_snapshots
    raise ValueError(msg)
ValueError: Snapshots must not be empty.
2026-07-01 22:56:13,486 - INFO - Picked up job 45606782-7965-44fa-916d-230035a67228. Status set to RUNNING.
2026-07-01 22:56:13,550 - ERROR - Job 45606782-7965-44fa-916d-230035a67228 failed during execution: Snapshots must not be empty.
Traceback (most recent call last):
  File "C:\Users\vatsv\OneDrive\Desktop\Energy_Transition_Projects\Battery_Arbitrage_Engine\bess_orchestrator.py", line 92, in main
    df = pd.read_sql_query("SELECT * FROM day_ahead_prices", conn)
                  ^^^^^^^^^^^^^^^^^^^^^^^^^^^^^^^^^^^^^^^^^^^^^^^^^
  File "C:\Users\vatsv\OneDrive\Desktop\Energy_Transition_Projects\Battery_Arbitrage_Engine\quant_engine.py", line 42, in optimize_dispatch
    n.set_snapshots(prices_df_naive.index)
  File "C:\Users\vatsv\AppData\Local\Programs\Python\Python311\Lib\site-packages\pypsa\network\index.py", line 109, in set_snapshots
    raise ValueError(msg)
ValueError: Snapshots must not be empty.
2026-07-01 23:01:17,658 - INFO - Picked up job c489a55b-c94e-44fb-acf9-4bec12156170. Status set to RUNNING.
2026-07-01 23:01:17,725 - ERROR - Job c489a55b-c94e-44fb-acf9-4bec12156170 failed during execution: Snapshots must not be empty.
Traceback (most recent call last):
  File "C:\Users\vatsv\OneDrive\Desktop\Energy_Transition_Projects\Battery_Arbitrage_Engine\bess_orchestrator.py", line 92, in main
    df = pd.read_sql_query("SELECT * FROM day_ahead_prices", conn)
                  ^^^^^^^^^^^^^^^^^^^^^^^^^^^^^^^^^^^^^^^^^^^^^^^^^
  File "C:\Users\vatsv\OneDrive\Desktop\Energy_Transition_Projects\Battery_Arbitrage_Engine\quant_engine.py", line 42, in optimize_dispatch
    n.set_snapshots(prices_df_naive.index)
  File "C:\Users\vatsv\AppData\Local\Programs\Python\Python311\Lib\site-packages\pypsa\network\index.py", line 109, in set_snapshots
    raise ValueError(msg)
ValueError: Snapshots must not be empty.
2026-07-01 23:04:13,803 - INFO - Picked up job 48352a1b-2517-44e8-8057-bb45fd9051cb. Status set to RUNNING.
2026-07-01 23:04:20,317 - INFO - Job 48352a1b-2517-44e8-8057-bb45fd9051cb optimization completed in 6.460 seconds.
2026-07-01 23:04:20,786 - INFO - Job 48352a1b-2517-44e8-8057-bb45fd9051cb processed successfully.
2026-07-01 23:09:50,828 - INFO - Starting BESS Orchestrator. Polling for jobs...
2026-07-01 23:09:50,830 - INFO - Picked up job job_1. Status set to RUNNING.
2026-07-01 23:09:51,401 - INFO - Job job_1 optimization completed in 0.570 seconds.
2026-07-01 23:09:51,402 - INFO - Job job_1 processed successfully.
2026-07-01 23:09:51,704 - INFO - Starting BESS Orchestrator. Polling for jobs...
2026-07-01 23:09:51,705 - INFO - Picked up job job_1. Status set to RUNNING.
2026-07-01 23:09:52,131 - INFO - Job job_1 optimization completed in 0.425 seconds.
2026-07-01 23:09:52,132 - INFO - Job job_1 processed successfully.
2026-07-01 23:09:52,579 - INFO - Starting BESS Orchestrator. Polling for jobs...
2026-07-01 23:09:52,579 - INFO - Picked up job job_1. Status set to RUNNING.
2026-07-01 23:09:53,008 - INFO - Job job_1 optimization completed in 0.428 seconds.
2026-07-01 23:09:53,010 - INFO - Job job_1 processed successfully.
2026-07-01 23:09:54,649 - INFO - Starting BESS Orchestrator. Polling for jobs...
2026-07-01 23:09:54,649 - INFO - Picked up job job_poison. Status set to RUNNING.
2026-07-01 23:09:55,037 - ERROR - Job job_poison failed during execution: 'lithium_ion_bess'
Traceback (most recent call last):
  File "C:\Users\vatsv\AppData\Local\Programs\Python\Python311\Lib\site-packages\pandas\core\indexes\base.py", line 3802, in get_loc
    return self._engine.get_loc(casted_key)
           ^^^^^^^^^^^^^^^^^^^^^^^^^^^^^^^^
  File "index.pyx", line 153, in pandas._libs.index.IndexEngine.get_loc
  File "index.pyx", line 182, in pandas._libs.index.IndexEngine.get_loc
  File "pandas\\_libs\\hashtable_class_helper.pxi", line 7081, in pandas._libs.hashtable.PyObjectHashTable.get_item
  File "pandas\\_libs\\hashtable_class_helper.pxi", line 7089, in pandas._libs.hashtable.PyObjectHashTable.get_item
KeyError: 'lithium_ion_bess'

The above exception was the direct cause of the following exception:

Traceback (most recent call last):
  File "C:\Users\vatsv\OneDrive\Desktop\Energy_Transition_Projects\Battery_Arbitrage_Engine\bess_orchestrator.py", line 101, in main
    dispatch_df = quant_engine.optimize_dispatch(df, power_mw, energy_mwh, grid_fee_import, efficiency_store, efficiency_dispatch, depth_of_discharge, degradation_penalty)
                  ^^^^^^^^^^^^^^^^^^^^^^^^^^^^^^^^^^^^^^^^^^^^^^^^^^^^^^^^^^^^^^^^^^^^^^^^^^^^^^^^^^^^^^^^^^^^^^^^^^^^^^^^^^^^^^^^^^^^^^^^^^^^^^^^^^^^^^^^^^^^^^^^^^^^^^^^^
  File "C:\Users\vatsv\OneDrive\Desktop\Energy_Transition_Projects\Battery_Arbitrage_Engine\quant_engine.py", line 77, in optimize_dispatch
    p_dispatch = n.storage_units_t.p_dispatch['lithium_ion_bess']
                 ~~~~~~~~~~~~~~~~~~~~~~~~~~~~^^^^^^^^^^^^^^^^^^^^
  File "C:\Users\vatsv\AppData\Local\Programs\Python\Python311\Lib\site-packages\pandas\core\frame.py", line 4090, in __getitem__
    indexer = self.columns.get_loc(key)
              ^^^^^^^^^^^^^^^^^^^^^^^^^
  File "C:\Users\vatsv\AppData\Local\Programs\Python\Python311\Lib\site-packages\pandas\core\indexes\base.py", line 3809, in get_loc
    raise KeyError(key) from err
KeyError: 'lithium_ion_bess'
2026-07-01 23:09:55,043 - INFO - Starting BESS Orchestrator. Polling for jobs...
2026-07-01 23:09:55,043 - ERROR - Error in orchestration polling loop: database is locked
Traceback (most recent call last):
  File "C:\Users\vatsv\OneDrive\Desktop\Energy_Transition_Projects\Battery_Arbitrage_Engine\bess_orchestrator.py", line 76, in main
    cursor.execute('''
  File "C:\Users\vatsv\AppData\Local\Programs\Python\Python311\Lib\unittest\mock.py", line 1124, in __call__
    return self._mock_call(*args, **kwargs)
           ^^^^^^^^^^^^^^^^^^^^^^^^^^^^^^^^
  File "C:\Users\vatsv\AppData\Local\Programs\Python\Python311\Lib\unittest\mock.py", line 1128, in _mock_call
    return self._execute_mock_call(*args, **kwargs)
           ^^^^^^^^^^^^^^^^^^^^^^^^^^^^^^^^^^^^^^^^
  File "C:\Users\vatsv\AppData\Local\Programs\Python\Python311\Lib\unittest\mock.py", line 1187, in _execute_mock_call
    raise result
sqlite3.OperationalError: database is locked
2026-07-01 23:09:57,046 - INFO - Graceful shutdown requested via OS signal. Finishing current job before exiting...
2026-07-01 23:09:57,048 - INFO - Starting BESS Orchestrator. Polling for jobs...
2026-07-01 23:09:57,048 - INFO - Orchestrator shut down successfully.
2026-07-01 23:11:34,941 - INFO - Picked up job 3124a30c-c948-402e-a60e-8629942023a0. Status set to RUNNING.
2026-07-01 23:11:40,939 - INFO - Job 3124a30c-c948-402e-a60e-8629942023a0 optimization completed in 5.847 seconds.
2026-07-01 23:11:41,358 - INFO - Job 3124a30c-c948-402e-a60e-8629942023a0 processed successfully.
2026-07-01 23:15:05,435 - INFO - Picked up job f2100384-3c1f-4b4e-8db5-1d1db0193c9e. Status set to RUNNING.
2026-07-01 23:15:11,459 - INFO - Job f2100384-3c1f-4b4e-8db5-1d1db0193c9e optimization completed in 5.970 seconds.
2026-07-01 23:15:11,884 - INFO - Job f2100384-3c1f-4b4e-8db5-1d1db0193c9e processed successfully.
2026-07-02 11:43:36,516 - INFO - Picked up job b19234af-9d1b-4550-968c-d5ca7812852e. Status set to RUNNING.
2026-07-02 11:43:42,865 - INFO - Job b19234af-9d1b-4550-968c-d5ca7812852e optimization completed in 6.212 seconds.
2026-07-02 11:43:43,284 - INFO - Job b19234af-9d1b-4550-968c-d5ca7812852e processed successfully.
2026-07-02 12:03:18,786 - INFO - Starting BESS Orchestrator. Polling for jobs...
2026-07-02 12:04:14,802 - INFO - Picked up job db71a7e1-4375-4c0c-8a41-40a049825874. Status set to RUNNING.
2026-07-02 12:04:21,344 - INFO - Job db71a7e1-4375-4c0c-8a41-40a049825874 optimization completed in 6.485 seconds.
2026-07-02 12:04:26,817 - INFO - Job db71a7e1-4375-4c0c-8a41-40a049825874 processed successfully.
2026-07-02 13:07:20,536 - INFO - Picked up job 29367194-19f0-4ed9-8adc-945704a1fe28. Status set to RUNNING.
2026-07-02 13:07:24,283 - INFO - Job 29367194-19f0-4ed9-8adc-945704a1fe28 optimization completed in 3.623 seconds.
2026-07-02 13:07:24,456 - INFO - Job 29367194-19f0-4ed9-8adc-945704a1fe28 processed successfully.
2026-07-02 13:08:08,479 - INFO - Picked up job 0d2d7246-b86f-46ed-ae0f-59a8bf88e8c3. Status set to RUNNING.
2026-07-02 13:08:11,730 - INFO - Job 0d2d7246-b86f-46ed-ae0f-59a8bf88e8c3 optimization completed in 3.157 seconds.
2026-07-02 13:08:11,902 - INFO - Job 0d2d7246-b86f-46ed-ae0f-59a8bf88e8c3 processed successfully.
2026-07-02 13:08:39,919 - INFO - Picked up job dc403b1c-dc8d-4a5a-b20c-a4f7a567e38f. Status set to RUNNING.
2026-07-02 13:08:43,306 - INFO - Job dc403b1c-dc8d-4a5a-b20c-a4f7a567e38f optimization completed in 3.267 seconds.
2026-07-02 13:08:43,628 - INFO - Job dc403b1c-dc8d-4a5a-b20c-a4f7a567e38f processed successfully.
2026-07-02 14:53:57,894 - INFO - Picked up job 5d9d51a2-c46a-4c02-bf3b-dd02f9c5a696. Status set to RUNNING.
2026-07-02 14:54:01,325 - INFO - Job 5d9d51a2-c46a-4c02-bf3b-dd02f9c5a696 optimization completed in 3.403 seconds.
2026-07-02 14:54:01,493 - INFO - Job 5d9d51a2-c46a-4c02-bf3b-dd02f9c5a696 processed successfully.
2026-07-02 14:54:31,509 - INFO - Picked up job e1f52f03-3571-4eb7-87ad-67f9f5178779. Status set to RUNNING.
2026-07-02 14:54:34,622 - INFO - Job e1f52f03-3571-4eb7-87ad-67f9f5178779 optimization completed in 3.085 seconds.
2026-07-02 14:54:34,805 - INFO - Job e1f52f03-3571-4eb7-87ad-67f9f5178779 processed successfully.
2026-07-02 14:54:56,821 - INFO - Picked up job f98ea5ec-f04a-4bea-9570-ee81a9b1ff05. Status set to RUNNING.
2026-07-02 14:55:00,228 - INFO - Job f98ea5ec-f04a-4bea-9570-ee81a9b1ff05 optimization completed in 3.381 seconds.
2026-07-02 14:55:00,406 - INFO - Job f98ea5ec-f04a-4bea-9570-ee81a9b1ff05 processed successfully.
2026-07-02 14:55:14,419 - INFO - Picked up job a5afafd5-cc68-4b1c-8e39-82e87c06092a. Status set to RUNNING.
2026-07-02 14:55:17,615 - INFO - Job a5afafd5-cc68-4b1c-8e39-82e87c06092a optimization completed in 3.163 seconds.
2026-07-02 14:55:17,830 - INFO - Job a5afafd5-cc68-4b1c-8e39-82e87c06092a processed successfully.
2026-07-02 14:55:37,843 - INFO - Picked up job 404c373a-f37b-414b-bbdd-8134836115bb. Status set to RUNNING.
2026-07-02 14:55:40,962 - INFO - Job 404c373a-f37b-414b-bbdd-8134836115bb optimization completed in 3.090 seconds.
2026-07-02 14:55:41,193 - INFO - Job 404c373a-f37b-414b-bbdd-8134836115bb processed successfully.
2026-07-02 14:55:53,202 - INFO - Picked up job 6529a494-b30b-4268-a126-0515186bf67f. Status set to RUNNING.
2026-07-02 14:55:56,512 - INFO - Job 6529a494-b30b-4268-a126-0515186bf67f optimization completed in 3.284 seconds.
2026-07-02 14:55:56,673 - INFO - Job 6529a494-b30b-4268-a126-0515186bf67f processed successfully.
2026-07-02 14:56:08,683 - INFO - Picked up job 61c15bd8-8c17-4c5a-b023-6c35a29ac5c8. Status set to RUNNING.
2026-07-02 14:56:12,127 - INFO - Job 61c15bd8-8c17-4c5a-b023-6c35a29ac5c8 optimization completed in 3.330 seconds.
2026-07-02 14:56:12,289 - INFO - Job 61c15bd8-8c17-4c5a-b023-6c35a29ac5c8 processed successfully.
2026-07-02 14:56:26,302 - INFO - Picked up job db89ed7c-705b-4313-8e93-01b960970664. Status set to RUNNING.
2026-07-02 14:56:29,456 - INFO - Job db89ed7c-705b-4313-8e93-01b960970664 optimization completed in 3.056 seconds.
2026-07-02 14:56:29,620 - INFO - Job db89ed7c-705b-4313-8e93-01b960970664 processed successfully.
2026-07-02 14:59:45,708 - INFO - Picked up job 5d92b755-d900-44a9-8fc2-4741134ddc22. Status set to RUNNING.
2026-07-02 14:59:51,562 - INFO - Job 5d92b755-d900-44a9-8fc2-4741134ddc22 optimization completed in 5.797 seconds.
2026-07-02 14:59:51,971 - INFO - Job 5d92b755-d900-44a9-8fc2-4741134ddc22 processed successfully.
2026-07-02 15:00:01,982 - INFO - Picked up job 9a198fe6-323e-428d-9cc7-82e53c25940c. Status set to RUNNING.
2026-07-02 15:00:07,782 - INFO - Job 9a198fe6-323e-428d-9cc7-82e53c25940c optimization completed in 5.753 seconds.
2026-07-02 15:00:08,193 - INFO - Job 9a198fe6-323e-428d-9cc7-82e53c25940c processed successfully.
2026-07-02 15:00:22,208 - INFO - Picked up job 164e765a-3f20-4e10-9132-a516bba515a7. Status set to RUNNING.
2026-07-02 15:00:28,128 - INFO - Job 164e765a-3f20-4e10-9132-a516bba515a7 optimization completed in 5.875 seconds.
2026-07-02 15:00:28,538 - INFO - Job 164e765a-3f20-4e10-9132-a516bba515a7 processed successfully.
2026-07-02 15:00:42,557 - INFO - Picked up job 0c75015c-ca9f-49c6-a245-c1a03acc148f. Status set to RUNNING.
2026-07-02 15:00:48,525 - INFO - Job 0c75015c-ca9f-49c6-a245-c1a03acc148f optimization completed in 5.919 seconds.
2026-07-02 15:00:48,939 - INFO - Job 0c75015c-ca9f-49c6-a245-c1a03acc148f processed successfully.
2026-07-02 15:00:58,958 - INFO - Picked up job 2ec6b5ef-0c94-49a5-b441-462f238728bc. Status set to RUNNING.
2026-07-02 15:01:04,698 - INFO - Job 2ec6b5ef-0c94-49a5-b441-462f238728bc optimization completed in 5.692 seconds.
2026-07-02 15:01:05,222 - INFO - Job 2ec6b5ef-0c94-49a5-b441-462f238728bc processed successfully.
2026-07-02 15:01:17,228 - INFO - Picked up job e6b83299-a469-425e-921e-06f87b2d2795. Status set to RUNNING.
2026-07-02 15:01:23,130 - INFO - Job e6b83299-a469-425e-921e-06f87b2d2795 optimization completed in 5.848 seconds.
2026-07-02 15:01:23,535 - INFO - Job e6b83299-a469-425e-921e-06f87b2d2795 processed successfully.
2026-07-02 15:01:33,560 - INFO - Picked up job 6f424e08-bc2e-4295-8fad-430ab31469d6. Status set to RUNNING.
2026-07-02 15:01:39,424 - INFO - Job 6f424e08-bc2e-4295-8fad-430ab31469d6 optimization completed in 5.717 seconds.
2026-07-02 15:01:39,838 - INFO - Job 6f424e08-bc2e-4295-8fad-430ab31469d6 processed successfully.
2026-07-02 15:01:49,845 - INFO - Picked up job 5935dde1-1f14-4724-a658-5a8a7e843922. Status set to RUNNING.
2026-07-02 15:01:55,739 - INFO - Job 5935dde1-1f14-4724-a658-5a8a7e843922 optimization completed in 5.734 seconds.
2026-07-02 15:01:56,159 - INFO - Job 5935dde1-1f14-4724-a658-5a8a7e843922 processed successfully.
2026-07-02 15:02:06,172 - INFO - Picked up job 5631398a-6a52-4793-a1e8-3a0cb48b0307. Status set to RUNNING.
2026-07-02 15:02:12,113 - INFO - Job 5631398a-6a52-4793-a1e8-3a0cb48b0307 optimization completed in 5.895 seconds.
2026-07-02 15:02:12,520 - INFO - Job 5631398a-6a52-4793-a1e8-3a0cb48b0307 processed successfully.
2026-07-02 15:21:57,069 - INFO - Picked up job 3cde6d27-1a92-4b5c-9b3b-8fdfad98f010. Status set to RUNNING.
2026-07-02 15:22:02,962 - INFO - Job 3cde6d27-1a92-4b5c-9b3b-8fdfad98f010 optimization completed in 5.843 seconds.
2026-07-02 15:22:03,371 - INFO - Job 3cde6d27-1a92-4b5c-9b3b-8fdfad98f010 processed successfully.
2026-07-02 15:22:37,403 - INFO - Picked up job efb6456b-029f-40c1-bb8e-16a6c285989f. Status set to RUNNING.
2026-07-02 15:22:43,245 - INFO - Job efb6456b-029f-40c1-bb8e-16a6c285989f optimization completed in 5.798 seconds.
2026-07-02 15:22:43,652 - INFO - Job efb6456b-029f-40c1-bb8e-16a6c285989f processed successfully.
2026-07-02 15:22:59,672 - INFO - Picked up job d0e57796-b712-40fd-bee1-6bcdb3b5ffa2. Status set to RUNNING.
2026-07-02 15:23:05,579 - INFO - Job d0e57796-b712-40fd-bee1-6bcdb3b5ffa2 optimization completed in 5.853 seconds.
2026-07-02 15:23:06,091 - INFO - Job d0e57796-b712-40fd-bee1-6bcdb3b5ffa2 processed successfully.
2026-07-02 15:43:28,756 - INFO - Starting BESS Orchestrator. Polling for jobs...
2026-07-02 15:43:28,756 - INFO - Picked up job job_1. Status set to RUNNING.
2026-07-02 15:43:29,525 - INFO - Job job_1 optimization completed in 0.767 seconds.
2026-07-02 15:43:29,525 - ERROR - Job job_1 failed during execution: calculate_financials() takes 9 positional arguments but 10 were given
Traceback (most recent call last):
  File "C:\Users\vatsv\OneDrive\Desktop\Energy_Transition_Projects\Battery_Arbitrage_Engine\bess_orchestrator.py", line 107, in main
    metrics = finance_engine.calculate_financials(dispatch_df, power_mw, energy_mwh, capex_per_kwh, opex_per_mw, wacc, lifespan, grid_fee_import, efficiency_dispatch, expected_lifespan_cycles)
              ^^^^^^^^^^^^^^^^^^^^^^^^^^^^^^^^^^^^^^^^^^^^^^^^^^^^^^^^^^^^^^^^^^^^^^^^^^^^^^^^^^^^^^^^^^^^^^^^^^^^^^^^^^^^^^^^^^^^^^^^^^^^^^^^^^^^^^^^^^^^^^^^^^^^^^^^^^^^^^^^^^^^^^^^^^^^^^^^^^
TypeError: calculate_financials() takes 9 positional arguments but 10 were given
2026-07-02 15:43:29,572 - INFO - Starting BESS Orchestrator. Polling for jobs...
2026-07-02 15:43:29,572 - INFO - Picked up job job_1. Status set to RUNNING.
2026-07-02 15:43:30,012 - INFO - Job job_1 optimization completed in 0.439 seconds.
2026-07-02 15:43:30,013 - ERROR - Job job_1 failed during execution: calculate_financials() takes 9 positional arguments but 10 were given
Traceback (most recent call last):
  File "C:\Users\vatsv\OneDrive\Desktop\Energy_Transition_Projects\Battery_Arbitrage_Engine\bess_orchestrator.py", line 107, in main
    metrics = finance_engine.calculate_financials(dispatch_df, power_mw, energy_mwh, capex_per_kwh, opex_per_mw, wacc, lifespan, grid_fee_import, efficiency_dispatch, expected_lifespan_cycles)
              ^^^^^^^^^^^^^^^^^^^^^^^^^^^^^^^^^^^^^^^^^^^^^^^^^^^^^^^^^^^^^^^^^^^^^^^^^^^^^^^^^^^^^^^^^^^^^^^^^^^^^^^^^^^^^^^^^^^^^^^^^^^^^^^^^^^^^^^^^^^^^^^^^^^^^^^^^^^^^^^^^^^^^^^^^^^^^^^^^^
TypeError: calculate_financials() takes 9 positional arguments but 10 were given
2026-07-02 15:43:31,553 - INFO - Starting BESS Orchestrator. Polling for jobs...
2026-07-02 15:43:31,553 - INFO - Picked up job job_poison. Status set to RUNNING.
2026-07-02 15:43:32,023 - ERROR - Job job_poison failed during execution: 'lithium_ion_bess'
Traceback (most recent call last):
  File "C:\Users\vatsv\AppData\Local\Programs\Python\Python311\Lib\site-packages\pandas\core\indexes\base.py", line 3802, in get_loc
    return self._engine.get_loc(casted_key)
           ^^^^^^^^^^^^^^^^^^^^^^^^^^^^^^^^
  File "index.pyx", line 153, in pandas._libs.index.IndexEngine.get_loc
  File "index.pyx", line 182, in pandas._libs.index.IndexEngine.get_loc
  File "pandas\\_libs\\hashtable_class_helper.pxi", line 7081, in pandas._libs.hashtable.PyObjectHashTable.get_item
  File "pandas\\_libs\\hashtable_class_helper.pxi", line 7089, in pandas._libs.hashtable.PyObjectHashTable.get_item
KeyError: 'lithium_ion_bess'

The above exception was the direct cause of the following exception:

Traceback (most recent call last):
  File "C:\Users\vatsv\OneDrive\Desktop\Energy_Transition_Projects\Battery_Arbitrage_Engine\bess_orchestrator.py", line 102, in main
    dispatch_df = quant_engine.optimize_dispatch(df, power_mw, energy_mwh, grid_fee_import, efficiency_store, efficiency_dispatch, depth_of_discharge, degradation_penalty)
                  ^^^^^^^^^^^^^^^^^^^^^^^^^^^^^^^^^^^^^^^^^^^^^^^^^^^^^^^^^^^^^^^^^^^^^^^^^^^^^^^^^^^^^^^^^^^^^^^^^^^^^^^^^^^^^^^^^^^^^^^^^^^^^^^^^^^^^^^^^^^^^^^^^^^^^^^^^
  File "C:\Users\vatsv\OneDrive\Desktop\Energy_Transition_Projects\Battery_Arbitrage_Engine\quant_engine.py", line 77, in optimize_dispatch
    p_dispatch = n.storage_units_t.p_dispatch['lithium_ion_bess']
                 ~~~~~~~~~~~~~~~~~~~~~~~~~~~~^^^^^^^^^^^^^^^^^^^^
  File "C:\Users\vatsv\AppData\Local\Programs\Python\Python311\Lib\site-packages\pandas\core\frame.py", line 4090, in __getitem__
    indexer = self.columns.get_loc(key)
              ^^^^^^^^^^^^^^^^^^^^^^^^^
  File "C:\Users\vatsv\AppData\Local\Programs\Python\Python311\Lib\site-packages\pandas\core\indexes\base.py", line 3809, in get_loc
    raise KeyError(key) from err
KeyError: 'lithium_ion_bess'
2026-07-02 15:43:32,057 - INFO - Starting BESS Orchestrator. Polling for jobs...
2026-07-02 15:43:32,058 - ERROR - Error in orchestration polling loop: database is locked
Traceback (most recent call last):
  File "C:\Users\vatsv\OneDrive\Desktop\Energy_Transition_Projects\Battery_Arbitrage_Engine\bess_orchestrator.py", line 77, in main
    cursor.execute('''
  File "C:\Users\vatsv\AppData\Local\Programs\Python\Python311\Lib\unittest\mock.py", line 1124, in __call__
    return self._mock_call(*args, **kwargs)
           ^^^^^^^^^^^^^^^^^^^^^^^^^^^^^^^^
  File "C:\Users\vatsv\AppData\Local\Programs\Python\Python311\Lib\unittest\mock.py", line 1128, in _mock_call
    return self._execute_mock_call(*args, **kwargs)
           ^^^^^^^^^^^^^^^^^^^^^^^^^^^^^^^^^^^^^^^^
  File "C:\Users\vatsv\AppData\Local\Programs\Python\Python311\Lib\unittest\mock.py", line 1187, in _execute_mock_call
    raise result
sqlite3.OperationalError: database is locked
2026-07-02 15:43:34,070 - INFO - Graceful shutdown requested via OS signal. Finishing current job before exiting...
2026-07-02 15:43:34,072 - INFO - Starting BESS Orchestrator. Polling for jobs...
2026-07-02 15:43:34,073 - INFO - Orchestrator shut down successfully.
2026-07-02 15:43:34,074 - INFO - Starting BESS Orchestrator. Polling for jobs...
2026-07-02 15:43:34,074 - INFO - Orchestrator shut down successfully.
2026-07-02 15:44:31,457 - INFO - Starting BESS Orchestrator. Polling for jobs...
2026-07-02 15:44:31,459 - INFO - Picked up job job_1. Status set to RUNNING.
2026-07-02 15:44:32,047 - INFO - Job job_1 optimization completed in 0.587 seconds.
2026-07-02 15:44:32,048 - INFO - Job job_1 processed successfully.
2026-07-02 15:44:32,055 - INFO - Starting BESS Orchestrator. Polling for jobs...
2026-07-02 15:44:32,055 - INFO - Picked up job job_1. Status set to RUNNING.
2026-07-02 15:44:32,498 - INFO - Job job_1 optimization completed in 0.443 seconds.
2026-07-02 15:44:32,499 - INFO - Job job_1 processed successfully.
2026-07-02 15:44:34,252 - INFO - Starting BESS Orchestrator. Polling for jobs...
2026-07-02 15:44:34,252 - INFO - Picked up job job_poison. Status set to RUNNING.
2026-07-02 15:44:34,681 - ERROR - Job job_poison failed during execution: 'lithium_ion_bess'
Traceback (most recent call last):
  File "C:\Users\vatsv\AppData\Local\Programs\Python\Python311\Lib\site-packages\pandas\core\indexes\base.py", line 3802, in get_loc
    return self._engine.get_loc(casted_key)
           ^^^^^^^^^^^^^^^^^^^^^^^^^^^^^^^^
  File "index.pyx", line 153, in pandas._libs.index.IndexEngine.get_loc
  File "index.pyx", line 182, in pandas._libs.index.IndexEngine.get_loc
  File "pandas\\_libs\\hashtable_class_helper.pxi", line 7081, in pandas._libs.hashtable.PyObjectHashTable.get_item
  File "pandas\\_libs\\hashtable_class_helper.pxi", line 7089, in pandas._libs.hashtable.PyObjectHashTable.get_item
KeyError: 'lithium_ion_bess'

The above exception was the direct cause of the following exception:

Traceback (most recent call last):
  File "C:\Users\vatsv\OneDrive\Desktop\Energy_Transition_Projects\Battery_Arbitrage_Engine\bess_orchestrator.py", line 102, in main
    dispatch_df = quant_engine.optimize_dispatch(df, power_mw, energy_mwh, grid_fee_import, efficiency_store, efficiency_dispatch, depth_of_discharge, degradation_penalty)
                  ^^^^^^^^^^^^^^^^^^^^^^^^^^^^^^^^^^^^^^^^^^^^^^^^^^^^^^^^^^^^^^^^^^^^^^^^^^^^^^^^^^^^^^^^^^^^^^^^^^^^^^^^^^^^^^^^^^^^^^^^^^^^^^^^^^^^^^^^^^^^^^^^^^^^^^^^^
  File "C:\Users\vatsv\OneDrive\Desktop\Energy_Transition_Projects\Battery_Arbitrage_Engine\quant_engine.py", line 77, in optimize_dispatch
    p_dispatch = n.storage_units_t.p_dispatch['lithium_ion_bess']
                 ~~~~~~~~~~~~~~~~~~~~~~~~~~~~^^^^^^^^^^^^^^^^^^^^
  File "C:\Users\vatsv\AppData\Local\Programs\Python\Python311\Lib\site-packages\pandas\core\frame.py", line 4090, in __getitem__
    indexer = self.columns.get_loc(key)
              ^^^^^^^^^^^^^^^^^^^^^^^^^
  File "C:\Users\vatsv\AppData\Local\Programs\Python\Python311\Lib\site-packages\pandas\core\indexes\base.py", line 3809, in get_loc
    raise KeyError(key) from err
KeyError: 'lithium_ion_bess'
2026-07-02 15:44:34,687 - INFO - Starting BESS Orchestrator. Polling for jobs...
2026-07-02 15:44:34,687 - ERROR - Error in orchestration polling loop: database is locked
Traceback (most recent call last):
  File "C:\Users\vatsv\OneDrive\Desktop\Energy_Transition_Projects\Battery_Arbitrage_Engine\bess_orchestrator.py", line 77, in main
    cursor.execute('''
  File "C:\Users\vatsv\AppData\Local\Programs\Python\Python311\Lib\unittest\mock.py", line 1124, in __call__
    return self._mock_call(*args, **kwargs)
           ^^^^^^^^^^^^^^^^^^^^^^^^^^^^^^^^
  File "C:\Users\vatsv\AppData\Local\Programs\Python\Python311\Lib\unittest\mock.py", line 1128, in _mock_call
    return self._execute_mock_call(*args, **kwargs)
           ^^^^^^^^^^^^^^^^^^^^^^^^^^^^^^^^^^^^^^^^
  File "C:\Users\vatsv\AppData\Local\Programs\Python\Python311\Lib\unittest\mock.py", line 1187, in _execute_mock_call
    raise result
sqlite3.OperationalError: database is locked
2026-07-02 15:44:36,689 - INFO - Graceful shutdown requested via OS signal. Finishing current job before exiting...
2026-07-02 15:44:36,691 - INFO - Starting BESS Orchestrator. Polling for jobs...
2026-07-02 15:44:36,691 - INFO - Orchestrator shut down successfully.
2026-07-02 15:44:36,693 - INFO - Starting BESS Orchestrator. Polling for jobs...
2026-07-02 15:44:36,693 - INFO - Orchestrator shut down successfully.
2026-07-02 15:53:21,886 - INFO - Starting BESS Orchestrator. Polling for jobs...
2026-07-02 15:53:21,886 - INFO - Picked up job job_1. Status set to RUNNING.
2026-07-02 15:53:22,454 - INFO - Job job_1 optimization completed in 0.567 seconds.
2026-07-02 15:53:22,462 - ERROR - Job job_1 failed during execution: unsupported operand type(s) for /: 'float' and 'NoneType'
Traceback (most recent call last):
  File "C:\Users\vatsv\OneDrive\Desktop\Energy_Transition_Projects\Battery_Arbitrage_Engine\bess_orchestrator.py", line 107, in main
    metrics = finance_engine.calculate_financials(dispatch_df, power_mw, energy_mwh, capex_per_kwh, opex_per_mw, wacc, lifespan, grid_fee_import, efficiency_dispatch, expected_lifespan_cycles)
              ^^^^^^^^^^^^^^^^^^^^^^^^^^^^^^^^^^^^^^^^^^^^^^^^^^^^^^^^^^^^^^^^^^^^^^^^^^^^^^^^^^^^^^^^^^^^^^^^^^^^^^^^^^^^^^^^^^^^^^^^^^^^^^^^^^^^^^^^^^^^^^^^^^^^^^^^^^^^^^^^^^^^^^^^^^^^^^^^^^
  File "C:\Users\vatsv\OneDrive\Desktop\Energy_Transition_Projects\Battery_Arbitrage_Engine\finance_engine.py", line 43, in calculate_financials
    annual_degradation_cost = (efc / expected_lifespan_cycles) * TOTAL_CAPEX
                               ~~~~^~~~~~~~~~~~~~~~~~~~~~~~~~
TypeError: unsupported operand type(s) for /: 'float' and 'NoneType'
2026-07-02 15:53:23,231 - INFO - Starting BESS Orchestrator. Polling for jobs...
2026-07-02 15:53:23,232 - INFO - Picked up job job_1. Status set to RUNNING.
2026-07-02 15:53:24,050 - INFO - Job job_1 optimization completed in 0.817 seconds.
2026-07-02 15:53:24,051 - ERROR - Job job_1 failed during execution: unsupported operand type(s) for /: 'float' and 'NoneType'
Traceback (most recent call last):
  File "C:\Users\vatsv\OneDrive\Desktop\Energy_Transition_Projects\Battery_Arbitrage_Engine\bess_orchestrator.py", line 107, in main
    metrics = finance_engine.calculate_financials(dispatch_df, power_mw, energy_mwh, capex_per_kwh, opex_per_mw, wacc, lifespan, grid_fee_import, efficiency_dispatch, expected_lifespan_cycles)
              ^^^^^^^^^^^^^^^^^^^^^^^^^^^^^^^^^^^^^^^^^^^^^^^^^^^^^^^^^^^^^^^^^^^^^^^^^^^^^^^^^^^^^^^^^^^^^^^^^^^^^^^^^^^^^^^^^^^^^^^^^^^^^^^^^^^^^^^^^^^^^^^^^^^^^^^^^^^^^^^^^^^^^^^^^^^^^^^^^^
  File "C:\Users\vatsv\OneDrive\Desktop\Energy_Transition_Projects\Battery_Arbitrage_Engine\finance_engine.py", line 43, in calculate_financials
    annual_degradation_cost = (efc / expected_lifespan_cycles) * TOTAL_CAPEX
                               ~~~~^~~~~~~~~~~~~~~~~~~~~~~~~~
TypeError: unsupported operand type(s) for /: 'float' and 'NoneType'
2026-07-02 15:53:25,478 - INFO - Starting BESS Orchestrator. Polling for jobs...
2026-07-02 15:53:25,479 - INFO - Picked up job job_1. Status set to RUNNING.
2026-07-02 15:53:26,286 - INFO - Job job_1 optimization completed in 0.806 seconds.
2026-07-02 15:53:26,286 - ERROR - Job job_1 failed during execution: unsupported operand type(s) for /: 'float' and 'NoneType'
Traceback (most recent call last):
  File "C:\Users\vatsv\OneDrive\Desktop\Energy_Transition_Projects\Battery_Arbitrage_Engine\bess_orchestrator.py", line 107, in main
    metrics = finance_engine.calculate_financials(dispatch_df, power_mw, energy_mwh, capex_per_kwh, opex_per_mw, wacc, lifespan, grid_fee_import, efficiency_dispatch, expected_lifespan_cycles)
              ^^^^^^^^^^^^^^^^^^^^^^^^^^^^^^^^^^^^^^^^^^^^^^^^^^^^^^^^^^^^^^^^^^^^^^^^^^^^^^^^^^^^^^^^^^^^^^^^^^^^^^^^^^^^^^^^^^^^^^^^^^^^^^^^^^^^^^^^^^^^^^^^^^^^^^^^^^^^^^^^^^^^^^^^^^^^^^^^^^
  File "C:\Users\vatsv\OneDrive\Desktop\Energy_Transition_Projects\Battery_Arbitrage_Engine\finance_engine.py", line 43, in calculate_financials
    annual_degradation_cost = (efc / expected_lifespan_cycles) * TOTAL_CAPEX
                               ~~~~^~~~~~~~~~~~~~~~~~~~~~~~~~
TypeError: unsupported operand type(s) for /: 'float' and 'NoneType'
2026-07-02 15:53:27,993 - INFO - Starting BESS Orchestrator. Polling for jobs...
2026-07-02 15:53:27,993 - INFO - Picked up job job_poison. Status set to RUNNING.
2026-07-02 15:53:28,741 - ERROR - Job job_poison failed during execution: 'lithium_ion_bess'
Traceback (most recent call last):
  File "C:\Users\vatsv\AppData\Local\Programs\Python\Python311\Lib\site-packages\pandas\core\indexes\base.py", line 3802, in get_loc
    return self._engine.get_loc(casted_key)
           ^^^^^^^^^^^^^^^^^^^^^^^^^^^^^^^^
  File "index.pyx", line 153, in pandas._libs.index.IndexEngine.get_loc
  File "index.pyx", line 182, in pandas._libs.index.IndexEngine.get_loc
  File "pandas\\_libs\\hashtable_class_helper.pxi", line 7081, in pandas._libs.hashtable.PyObjectHashTable.get_item
  File "pandas\\_libs\\hashtable_class_helper.pxi", line 7089, in pandas._libs.hashtable.PyObjectHashTable.get_item
KeyError: 'lithium_ion_bess'

The above exception was the direct cause of the following exception:

Traceback (most recent call last):
  File "C:\Users\vatsv\OneDrive\Desktop\Energy_Transition_Projects\Battery_Arbitrage_Engine\bess_orchestrator.py", line 102, in main
    dispatch_df = quant_engine.optimize_dispatch(df, power_mw, energy_mwh, grid_fee_import, efficiency_store, efficiency_dispatch, depth_of_discharge, degradation_penalty)
                  ^^^^^^^^^^^^^^^^^^^^^^^^^^^^^^^^^^^^^^^^^^^^^^^^^^^^^^^^^^^^^^^^^^^^^^^^^^^^^^^^^^^^^^^^^^^^^^^^^^^^^^^^^^^^^^^^^^^^^^^^^^^^^^^^^^^^^^^^^^^^^^^^^^^^^^^^^
  File "C:\Users\vatsv\OneDrive\Desktop\Energy_Transition_Projects\Battery_Arbitrage_Engine\quant_engine.py", line 77, in optimize_dispatch
    p_dispatch = n.storage_units_t.p_dispatch['lithium_ion_bess']
                 ~~~~~~~~~~~~~~~~~~~~~~~~~~~~^^^^^^^^^^^^^^^^^^^^
  File "C:\Users\vatsv\AppData\Local\Programs\Python\Python311\Lib\site-packages\pandas\core\frame.py", line 4090, in __getitem__
    indexer = self.columns.get_loc(key)
              ^^^^^^^^^^^^^^^^^^^^^^^^^
  File "C:\Users\vatsv\AppData\Local\Programs\Python\Python311\Lib\site-packages\pandas\core\indexes\base.py", line 3809, in get_loc
    raise KeyError(key) from err
KeyError: 'lithium_ion_bess'
2026-07-02 15:53:28,755 - INFO - Starting BESS Orchestrator. Polling for jobs...
2026-07-02 15:53:28,755 - ERROR - Error in orchestration polling loop: database is locked
Traceback (most recent call last):
  File "C:\Users\vatsv\OneDrive\Desktop\Energy_Transition_Projects\Battery_Arbitrage_Engine\bess_orchestrator.py", line 77, in main
    cursor.execute('''
  File "C:\Users\vatsv\AppData\Local\Programs\Python\Python311\Lib\unittest\mock.py", line 1124, in __call__
    return self._mock_call(*args, **kwargs)
           ^^^^^^^^^^^^^^^^^^^^^^^^^^^^^^^^
  File "C:\Users\vatsv\AppData\Local\Programs\Python\Python311\Lib\unittest\mock.py", line 1128, in _mock_call
    return self._execute_mock_call(*args, **kwargs)
           ^^^^^^^^^^^^^^^^^^^^^^^^^^^^^^^^^^^^^^^^
  File "C:\Users\vatsv\AppData\Local\Programs\Python\Python311\Lib\unittest\mock.py", line 1187, in _execute_mock_call
    raise result
sqlite3.OperationalError: database is locked
2026-07-02 15:53:30,758 - INFO - Graceful shutdown requested via OS signal. Finishing current job before exiting...
2026-07-02 15:53:30,762 - INFO - Starting BESS Orchestrator. Polling for jobs...
2026-07-02 15:53:30,762 - INFO - Orchestrator shut down successfully.
2026-07-02 15:54:47,657 - INFO - Starting BESS Orchestrator. Polling for jobs...
2026-07-02 15:54:47,658 - INFO - Picked up job job_1. Status set to RUNNING.
2026-07-02 15:54:48,242 - INFO - Job job_1 optimization completed in 0.582 seconds.
2026-07-02 15:54:48,242 - ERROR - Job job_1 failed during execution: unsupported operand type(s) for /: 'float' and 'NoneType'
Traceback (most recent call last):
  File "C:\Users\vatsv\OneDrive\Desktop\Energy_Transition_Projects\Battery_Arbitrage_Engine\bess_orchestrator.py", line 107, in main
    metrics = finance_engine.calculate_financials(dispatch_df, power_mw, energy_mwh, capex_per_kwh, opex_per_mw, wacc, lifespan, grid_fee_import, efficiency_dispatch, expected_lifespan_cycles)
              ^^^^^^^^^^^^^^^^^^^^^^^^^^^^^^^^^^^^^^^^^^^^^^^^^^^^^^^^^^^^^^^^^^^^^^^^^^^^^^^^^^^^^^^^^^^^^^^^^^^^^^^^^^^^^^^^^^^^^^^^^^^^^^^^^^^^^^^^^^^^^^^^^^^^^^^^^^^^^^^^^^^^^^^^^^^^^^^^^^
  File "C:\Users\vatsv\OneDrive\Desktop\Energy_Transition_Projects\Battery_Arbitrage_Engine\finance_engine.py", line 43, in calculate_financials
    annual_degradation_cost = (efc / expected_lifespan_cycles) * TOTAL_CAPEX
                               ~~~~^~~~~~~~~~~~~~~~~~~~~~~~~~
TypeError: unsupported operand type(s) for /: 'float' and 'NoneType'
2026-07-02 15:54:48,569 - INFO - Starting BESS Orchestrator. Polling for jobs...
2026-07-02 15:54:48,569 - INFO - Picked up job job_1. Status set to RUNNING.
2026-07-02 15:54:49,000 - INFO - Job job_1 optimization completed in 0.430 seconds.
2026-07-02 15:54:49,001 - ERROR - Job job_1 failed during execution: unsupported operand type(s) for /: 'float' and 'NoneType'
Traceback (most recent call last):
  File "C:\Users\vatsv\OneDrive\Desktop\Energy_Transition_Projects\Battery_Arbitrage_Engine\bess_orchestrator.py", line 107, in main
    metrics = finance_engine.calculate_financials(dispatch_df, power_mw, energy_mwh, capex_per_kwh, opex_per_mw, wacc, lifespan, grid_fee_import, efficiency_dispatch, expected_lifespan_cycles)
              ^^^^^^^^^^^^^^^^^^^^^^^^^^^^^^^^^^^^^^^^^^^^^^^^^^^^^^^^^^^^^^^^^^^^^^^^^^^^^^^^^^^^^^^^^^^^^^^^^^^^^^^^^^^^^^^^^^^^^^^^^^^^^^^^^^^^^^^^^^^^^^^^^^^^^^^^^^^^^^^^^^^^^^^^^^^^^^^^^^
  File "C:\Users\vatsv\OneDrive\Desktop\Energy_Transition_Projects\Battery_Arbitrage_Engine\finance_engine.py", line 43, in calculate_financials
    annual_degradation_cost = (efc / expected_lifespan_cycles) * TOTAL_CAPEX
                               ~~~~^~~~~~~~~~~~~~~~~~~~~~~~~~
TypeError: unsupported operand type(s) for /: 'float' and 'NoneType'
2026-07-02 15:55:18,761 - INFO - Starting BESS Orchestrator. Polling for jobs...
2026-07-02 15:55:18,761 - INFO - Picked up job job_1. Status set to RUNNING.
2026-07-02 15:55:19,365 - INFO - Job job_1 optimization completed in 0.602 seconds.
2026-07-02 15:55:19,366 - ERROR - Job job_1 failed during execution: unsupported operand type(s) for /: 'float' and 'NoneType'
Traceback (most recent call last):
  File "C:\Users\vatsv\OneDrive\Desktop\Energy_Transition_Projects\Battery_Arbitrage_Engine\bess_orchestrator.py", line 107, in main
    metrics = finance_engine.calculate_financials(dispatch_df, power_mw, energy_mwh, capex_per_kwh, opex_per_mw, wacc, lifespan, grid_fee_import, efficiency_dispatch, expected_lifespan_cycles)
              ^^^^^^^^^^^^^^^^^^^^^^^^^^^^^^^^^^^^^^^^^^^^^^^^^^^^^^^^^^^^^^^^^^^^^^^^^^^^^^^^^^^^^^^^^^^^^^^^^^^^^^^^^^^^^^^^^^^^^^^^^^^^^^^^^^^^^^^^^^^^^^^^^^^^^^^^^^^^^^^^^^^^^^^^^^^^^^^^^^
  File "C:\Users\vatsv\OneDrive\Desktop\Energy_Transition_Projects\Battery_Arbitrage_Engine\finance_engine.py", line 43, in calculate_financials
    annual_degradation_cost = (efc / expected_lifespan_cycles) * TOTAL_CAPEX
                               ~~~~^~~~~~~~~~~~~~~~~~~~~~~~~~
TypeError: unsupported operand type(s) for /: 'float' and 'NoneType'
2026-07-02 15:55:19,705 - INFO - Starting BESS Orchestrator. Polling for jobs...
2026-07-02 15:55:19,706 - INFO - Picked up job job_1. Status set to RUNNING.
2026-07-02 15:55:20,167 - INFO - Job job_1 optimization completed in 0.460 seconds.
2026-07-02 15:55:20,168 - ERROR - Job job_1 failed during execution: unsupported operand type(s) for /: 'float' and 'NoneType'
Traceback (most recent call last):
  File "C:\Users\vatsv\OneDrive\Desktop\Energy_Transition_Projects\Battery_Arbitrage_Engine\bess_orchestrator.py", line 107, in main
    metrics = finance_engine.calculate_financials(dispatch_df, power_mw, energy_mwh, capex_per_kwh, opex_per_mw, wacc, lifespan, grid_fee_import, efficiency_dispatch, expected_lifespan_cycles)
              ^^^^^^^^^^^^^^^^^^^^^^^^^^^^^^^^^^^^^^^^^^^^^^^^^^^^^^^^^^^^^^^^^^^^^^^^^^^^^^^^^^^^^^^^^^^^^^^^^^^^^^^^^^^^^^^^^^^^^^^^^^^^^^^^^^^^^^^^^^^^^^^^^^^^^^^^^^^^^^^^^^^^^^^^^^^^^^^^^^
  File "C:\Users\vatsv\OneDrive\Desktop\Energy_Transition_Projects\Battery_Arbitrage_Engine\finance_engine.py", line 43, in calculate_financials
    annual_degradation_cost = (efc / expected_lifespan_cycles) * TOTAL_CAPEX
                               ~~~~^~~~~~~~~~~~~~~~~~~~~~~~~~
TypeError: unsupported operand type(s) for /: 'float' and 'NoneType'
2026-07-02 15:55:20,650 - INFO - Starting BESS Orchestrator. Polling for jobs...
2026-07-02 15:55:20,650 - INFO - Picked up job job_1. Status set to RUNNING.
2026-07-02 15:55:21,093 - INFO - Job job_1 optimization completed in 0.442 seconds.
2026-07-02 15:55:21,095 - INFO - Job job_1 processed successfully.
2026-07-02 15:55:22,756 - INFO - Starting BESS Orchestrator. Polling for jobs...
2026-07-02 15:55:22,757 - INFO - Picked up job job_poison. Status set to RUNNING.
2026-07-02 15:55:23,176 - ERROR - Job job_poison failed during execution: 'lithium_ion_bess'
Traceback (most recent call last):
  File "C:\Users\vatsv\AppData\Local\Programs\Python\Python311\Lib\site-packages\pandas\core\indexes\base.py", line 3802, in get_loc
    return self._engine.get_loc(casted_key)
           ^^^^^^^^^^^^^^^^^^^^^^^^^^^^^^^^
  File "index.pyx", line 153, in pandas._libs.index.IndexEngine.get_loc
  File "index.pyx", line 182, in pandas._libs.index.IndexEngine.get_loc
  File "pandas\\_libs\\hashtable_class_helper.pxi", line 7081, in pandas._libs.hashtable.PyObjectHashTable.get_item
  File "pandas\\_libs\\hashtable_class_helper.pxi", line 7089, in pandas._libs.hashtable.PyObjectHashTable.get_item
KeyError: 'lithium_ion_bess'

The above exception was the direct cause of the following exception:

Traceback (most recent call last):
  File "C:\Users\vatsv\OneDrive\Desktop\Energy_Transition_Projects\Battery_Arbitrage_Engine\bess_orchestrator.py", line 102, in main
    dispatch_df = quant_engine.optimize_dispatch(df, power_mw, energy_mwh, grid_fee_import, efficiency_store, efficiency_dispatch, depth_of_discharge, degradation_penalty)
                  ^^^^^^^^^^^^^^^^^^^^^^^^^^^^^^^^^^^^^^^^^^^^^^^^^^^^^^^^^^^^^^^^^^^^^^^^^^^^^^^^^^^^^^^^^^^^^^^^^^^^^^^^^^^^^^^^^^^^^^^^^^^^^^^^^^^^^^^^^^^^^^^^^^^^^^^^^
  File "C:\Users\vatsv\OneDrive\Desktop\Energy_Transition_Projects\Battery_Arbitrage_Engine\quant_engine.py", line 77, in optimize_dispatch
    p_dispatch = n.storage_units_t.p_dispatch['lithium_ion_bess']
                 ~~~~~~~~~~~~~~~~~~~~~~~~~~~~^^^^^^^^^^^^^^^^^^^^
  File "C:\Users\vatsv\AppData\Local\Programs\Python\Python311\Lib\site-packages\pandas\core\frame.py", line 4090, in __getitem__
    indexer = self.columns.get_loc(key)
              ^^^^^^^^^^^^^^^^^^^^^^^^^
  File "C:\Users\vatsv\AppData\Local\Programs\Python\Python311\Lib\site-packages\pandas\core\indexes\base.py", line 3809, in get_loc
    raise KeyError(key) from err
KeyError: 'lithium_ion_bess'
2026-07-02 15:55:23,183 - INFO - Starting BESS Orchestrator. Polling for jobs...
2026-07-02 15:55:23,183 - ERROR - Error in orchestration polling loop: database is locked
Traceback (most recent call last):
  File "C:\Users\vatsv\OneDrive\Desktop\Energy_Transition_Projects\Battery_Arbitrage_Engine\bess_orchestrator.py", line 77, in main
    cursor.execute('''
  File "C:\Users\vatsv\AppData\Local\Programs\Python\Python311\Lib\unittest\mock.py", line 1124, in __call__
    return self._mock_call(*args, **kwargs)
           ^^^^^^^^^^^^^^^^^^^^^^^^^^^^^^^^
  File "C:\Users\vatsv\AppData\Local\Programs\Python\Python311\Lib\unittest\mock.py", line 1128, in _mock_call
    return self._execute_mock_call(*args, **kwargs)
           ^^^^^^^^^^^^^^^^^^^^^^^^^^^^^^^^^^^^^^^^
  File "C:\Users\vatsv\AppData\Local\Programs\Python\Python311\Lib\unittest\mock.py", line 1187, in _execute_mock_call
    raise result
sqlite3.OperationalError: database is locked
2026-07-02 15:55:25,185 - INFO - Graceful shutdown requested via OS signal. Finishing current job before exiting...
2026-07-02 15:55:25,186 - INFO - Starting BESS Orchestrator. Polling for jobs...
2026-07-02 15:55:25,186 - INFO - Orchestrator shut down successfully.
2026-07-02 16:01:00,154 - INFO - Starting BESS Orchestrator. Polling for jobs...
2026-07-02 16:02:24,188 - INFO - Picked up job b32973eb-1ace-48fb-b88a-5171db9b577f. Status set to RUNNING.
2026-07-02 16:02:24,193 - ERROR - Job b32973eb-1ace-48fb-b88a-5171db9b577f failed during execution: Execution failed on sql 'SELECT * FROM day_ahead_prices': no such table: day_ahead_prices
Traceback (most recent call last):
  File "C:\Users\vatsv\AppData\Local\Programs\Python\Python311\Lib\site-packages\pandas\io\sql.py", line 2675, in execute
    cur.execute(sql, *args)
sqlite3.OperationalError: no such table: day_ahead_prices

The above exception was the direct cause of the following exception:

Traceback (most recent call last):
  File "C:\Users\vatsv\OneDrive\Desktop\Energy_Transition_Projects\Battery_Arbitrage_Engine\bess_orchestrator.py", line 93, in main
    df = pd.read_sql_query("SELECT * FROM day_ahead_prices", conn)
         ^^^^^^^^^^^^^^^^^^^^^^^^^^^^^^^^^^^^^^^^^^^^^^^^^^^^^^^^^
  File "C:\Users\vatsv\AppData\Local\Programs\Python\Python311\Lib\site-packages\pandas\io\sql.py", line 526, in read_sql_query
    return pandas_sql.read_query(
           ^^^^^^^^^^^^^^^^^^^^^^
  File "C:\Users\vatsv\AppData\Local\Programs\Python\Python311\Lib\site-packages\pandas\io\sql.py", line 2739, in read_query
    cursor = self.execute(sql, params)
             ^^^^^^^^^^^^^^^^^^^^^^^^^
  File "C:\Users\vatsv\AppData\Local\Programs\Python\Python311\Lib\site-packages\pandas\io\sql.py", line 2687, in execute
    raise ex from exc
pandas.errors.DatabaseError: Execution failed on sql 'SELECT * FROM day_ahead_prices': no such table: day_ahead_prices
2026-07-02 16:08:38,343 - INFO - Picked up job 51c5de7d-8560-49b5-96e2-7bb2c624f3b8. Status set to RUNNING.
2026-07-02 16:08:44,623 - INFO - Job 51c5de7d-8560-49b5-96e2-7bb2c624f3b8 optimization completed in 6.222 seconds.
2026-07-02 16:08:45,094 - INFO - Job 51c5de7d-8560-49b5-96e2-7bb2c624f3b8 processed successfully.
2026-07-02 16:09:13,125 - INFO - Picked up job 73c935a3-cae4-4f91-8d44-420ce16860a8. Status set to RUNNING.
2026-07-02 16:09:19,111 - INFO - Job 73c935a3-cae4-4f91-8d44-420ce16860a8 optimization completed in 5.826 seconds.
2026-07-02 16:09:19,527 - INFO - Job 73c935a3-cae4-4f91-8d44-420ce16860a8 processed successfully.
2026-07-02 16:09:41,547 - INFO - Picked up job 0d9d6bbd-d995-4eea-8fd3-4bec6d7d61ca. Status set to RUNNING.
2026-07-02 16:09:47,629 - INFO - Job 0d9d6bbd-d995-4eea-8fd3-4bec6d7d61ca optimization completed in 5.937 seconds.
2026-07-02 16:09:48,041 - INFO - Job 0d9d6bbd-d995-4eea-8fd3-4bec6d7d61ca processed successfully.
2026-07-02 16:12:46,107 - INFO - Picked up job 42040d55-3226-4126-bec7-f4c0e2c2f8a3. Status set to RUNNING.
2026-07-02 16:12:52,155 - INFO - Job 42040d55-3226-4126-bec7-f4c0e2c2f8a3 optimization completed in 5.993 seconds.
2026-07-02 16:12:52,569 - INFO - Job 42040d55-3226-4126-bec7-f4c0e2c2f8a3 processed successfully.
2026-07-02 16:38:37,749 - INFO - Starting BESS Orchestrator. Polling for jobs...
2026-07-02 16:39:59,780 - INFO - Picked up job f75d34fc-4611-4395-a674-1ac066fe7cf1. Status set to RUNNING.
2026-07-02 16:40:06,099 - INFO - Job f75d34fc-4611-4395-a674-1ac066fe7cf1 optimization completed in 6.258 seconds.
2026-07-02 16:40:06,558 - INFO - Job f75d34fc-4611-4395-a674-1ac066fe7cf1 processed successfully.
2026-07-02 16:54:21,256 - INFO - Starting BESS Orchestrator. Polling for jobs...
2026-07-02 17:04:20,487 - INFO - Starting BESS Orchestrator. Polling for jobs...
2026-07-02 18:05:43,635 - INFO - Picked up job 3b3fccbc-4605-411b-89dc-002603866722. Status set to RUNNING.
2026-07-02 18:05:49,951 - INFO - Job 3b3fccbc-4605-411b-89dc-002603866722 optimization completed in 6.257 seconds.
2026-07-02 18:05:50,414 - INFO - Job 3b3fccbc-4605-411b-89dc-002603866722 processed successfully.
2026-07-02 18:06:54,454 - INFO - Picked up job 58d8a416-5026-4122-be7c-5385245b50e4. Status set to RUNNING.
2026-07-02 18:07:00,505 - INFO - Job 58d8a416-5026-4122-be7c-5385245b50e4 optimization completed in 5.893 seconds.
2026-07-02 18:07:00,928 - INFO - Job 58d8a416-5026-4122-be7c-5385245b50e4 processed successfully.
2026-07-02 18:09:10,992 - INFO - Picked up job 4a2b889c-4d86-4f2b-9f9b-1007ee9bd28b. Status set to RUNNING.
2026-07-02 18:09:16,936 - INFO - Job 4a2b889c-4d86-4f2b-9f9b-1007ee9bd28b optimization completed in 5.794 seconds.
2026-07-02 18:09:17,359 - INFO - Job 4a2b889c-4d86-4f2b-9f9b-1007ee9bd28b processed successfully.
2026-07-03 00:07:38,632 - INFO - Picked up job 90fd46d3-f46c-4723-aa34-9ff18c722b2a. Status set to RUNNING.
2026-07-03 00:07:44,744 - INFO - Job 90fd46d3-f46c-4723-aa34-9ff18c722b2a optimization completed in 6.057 seconds.
2026-07-03 00:07:45,161 - INFO - Job 90fd46d3-f46c-4723-aa34-9ff18c722b2a processed successfully.
2026-07-03 00:39:23,978 - INFO - Picked up job 032f0192-5888-46c8-ba91-b22f4b481b20. Status set to RUNNING.
2026-07-03 00:39:30,091 - INFO - Job 032f0192-5888-46c8-ba91-b22f4b481b20 optimization completed in 6.070 seconds.
2026-07-03 00:39:30,524 - INFO - Job 032f0192-5888-46c8-ba91-b22f4b481b20 processed successfully.
2026-07-03 00:42:06,593 - INFO - Picked up job 0e59b0bf-99fa-4dc9-b474-4ef20992d0d3. Status set to RUNNING.
2026-07-03 00:42:12,541 - INFO - Job 0e59b0bf-99fa-4dc9-b474-4ef20992d0d3 optimization completed in 5.896 seconds.
2026-07-03 00:42:12,953 - INFO - Job 0e59b0bf-99fa-4dc9-b474-4ef20992d0d3 processed successfully.
2026-07-03 01:39:46,342 - INFO - Picked up job test_job_1. Status set to RUNNING.
2026-07-03 01:39:46,352 - INFO - Job test_job_1 optimization completed in 0.000 seconds.
2026-07-03 01:39:46,376 - INFO - Job test_job_1 processed successfully.
2026-07-03 01:39:46,378 - INFO - Picked up job test_job_2. Status set to RUNNING.
2026-07-03 01:39:46,379 - INFO - Job test_job_2 optimization completed in 0.000 seconds.
2026-07-03 01:39:46,380 - INFO - Job test_job_2 processed successfully.
2026-07-03 01:43:06,475 - INFO - Picked up job c5dd8b00-ad68-4899-a40b-d1d748f7e787. Status set to RUNNING.
2026-07-03 01:43:12,661 - INFO - Job c5dd8b00-ad68-4899-a40b-d1d748f7e787 optimization completed in 6.138 seconds.
2026-07-03 01:43:13,114 - INFO - Job c5dd8b00-ad68-4899-a40b-d1d748f7e787 processed successfully.
2026-07-03 01:43:59,134 - INFO - Picked up job 4a4f01b8-5e99-4020-a941-714b8c24b83f. Status set to RUNNING.
2026-07-03 01:44:02,396 - INFO - Job 4a4f01b8-5e99-4020-a941-714b8c24b83f optimization completed in 3.237 seconds.
2026-07-03 01:44:02,629 - INFO - Job 4a4f01b8-5e99-4020-a941-714b8c24b83f processed successfully.
2026-07-03 01:44:21,093 - INFO - Starting BESS Orchestrator. Polling for jobs...
2026-07-03 01:44:21,093 - INFO - Picked up job job_1. Status set to RUNNING.
2026-07-03 01:44:21,703 - INFO - Job job_1 optimization completed in 0.608 seconds.
2026-07-03 01:44:21,704 - ERROR - Job job_1 failed during execution: unsupported operand type(s) for /: 'float' and 'NoneType'
Traceback (most recent call last):
  File "C:\Users\vatsv\OneDrive\Desktop\Energy_Transition_Projects\Battery_Arbitrage_Engine\bess_orchestrator.py", line 98, in process_one_job
    metrics = finance_engine.calculate_financials(dispatch_df, power_mw, energy_mwh, capex_per_kwh, opex_per_mw, wacc, lifespan, grid_fee_import, efficiency_dispatch, expected_lifespan_cycles)
              ^^^^^^^^^^^^^^^^^^^^^^^^^^^^^^^^^^^^^^^^^^^^^^^^^^^^^^^^^^^^^^^^^^^^^^^^^^^^^^^^^^^^^^^^^^^^^^^^^^^^^^^^^^^^^^^^^^^^^^^^^^^^^^^^^^^^^^^^^^^^^^^^^^^^^^^^^^^^^^^^^^^^^^^^^^^^^^^^^^
  File "C:\Users\vatsv\OneDrive\Desktop\Energy_Transition_Projects\Battery_Arbitrage_Engine\finance_engine.py", line 43, in calculate_financials
    annual_degradation_cost = (efc / expected_lifespan_cycles) * TOTAL_CAPEX
                               ~~~~^~~~~~~~~~~~~~~~~~~~~~~~~~
TypeError: unsupported operand type(s) for /: 'float' and 'NoneType'
2026-07-03 02:03:20,311 - INFO - Picked up job 26a6edfa-c9d4-4539-ba78-23fb10bdd45e. Status set to RUNNING.
2026-07-03 02:03:21,010 - INFO - Job 26a6edfa-c9d4-4539-ba78-23fb10bdd45e optimization completed in 0.696 seconds.
2026-07-03 02:03:21,015 - INFO - Job 26a6edfa-c9d4-4539-ba78-23fb10bdd45e processed successfully.
2026-07-03 02:05:53,035 - INFO - Picked up job fb592e94-5dce-42f5-9723-7044ea7b4b4b. Status set to RUNNING.
2026-07-03 02:05:58,902 - INFO - Job fb592e94-5dce-42f5-9723-7044ea7b4b4b optimization completed in 5.811 seconds.
2026-07-03 02:05:59,316 - INFO - Job fb592e94-5dce-42f5-9723-7044ea7b4b4b processed successfully.
2026-07-03 02:09:41,442 - INFO - Picked up job 3e44fdbd-b7f1-495f-88a4-57438ef3a4f7. Status set to RUNNING.
2026-07-03 02:09:47,332 - INFO - Job 3e44fdbd-b7f1-495f-88a4-57438ef3a4f7 optimization completed in 5.739 seconds.
2026-07-03 02:09:47,757 - INFO - Job 3e44fdbd-b7f1-495f-88a4-57438ef3a4f7 processed successfully.
2026-07-03 17:41:38,318 - INFO - Picked up job 0684760a-b620-44e2-a9d7-897b98a6b71b. Status set to RUNNING.
2026-07-03 17:41:44,910 - INFO - Job 0684760a-b620-44e2-a9d7-897b98a6b71b optimization completed in 6.184 seconds.
2026-07-03 17:41:45,338 - INFO - Job 0684760a-b620-44e2-a9d7-897b98a6b71b processed successfully.
2026-07-03 17:41:46,263 - INFO - Starting BESS Orchestrator. Polling for jobs...
2026-07-03 17:41:46,263 - INFO - Picked up job job_1. Status set to RUNNING.
2026-07-03 17:41:46,264 - ERROR - Job job_1 failed during execution: Execution failed on sql 'SELECT * FROM forecasted_market_data': no such table: forecasted_market_data
Traceback (most recent call last):
  File "C:\Users\vatsv\AppData\Local\Programs\Python\Python311\Lib\site-packages\pandas\io\sql.py", line 2675, in execute
    cur.execute(sql, *args)
sqlite3.OperationalError: no such table: forecasted_market_data

The above exception was the direct cause of the following exception:

Traceback (most recent call last):
  File "C:\Users\vatsv\OneDrive\Desktop\Energy_Transition_Projects\Battery_Arbitrage_Engine\bess_orchestrator.py", line 84, in process_one_job
    df = pd.read_sql_query("SELECT * FROM forecasted_market_data", conn)
         ^^^^^^^^^^^^^^^^^^^^^^^^^^^^^^^^^^^^^^^^^^^^^^^^^^^^^^^^^^^^^^^
  File "C:\Users\vatsv\AppData\Local\Programs\Python\Python311\Lib\site-packages\pandas\io\sql.py", line 526, in read_sql_query
    return pandas_sql.read_query(
           ^^^^^^^^^^^^^^^^^^^^^^
  File "C:\Users\vatsv\AppData\Local\Programs\Python\Python311\Lib\site-packages\pandas\io\sql.py", line 2739, in read_query
    cursor = self.execute(sql, params)
             ^^^^^^^^^^^^^^^^^^^^^^^^^
  File "C:\Users\vatsv\AppData\Local\Programs\Python\Python311\Lib\site-packages\pandas\io\sql.py", line 2687, in execute
    raise ex from exc
pandas.errors.DatabaseError: Execution failed on sql 'SELECT * FROM forecasted_market_data': no such table: forecasted_market_data
2026-07-03 17:42:35,358 - INFO - Picked up job 2cdf8aaf-0069-4914-8109-3fc82be5d388. Status set to RUNNING.
2026-07-03 17:42:38,539 - INFO - Job 2cdf8aaf-0069-4914-8109-3fc82be5d388 optimization completed in 3.081 seconds.
2026-07-03 17:42:38,723 - INFO - Job 2cdf8aaf-0069-4914-8109-3fc82be5d388 processed successfully.
2026-07-03 17:42:39,074 - INFO - Starting BESS Orchestrator. Polling for jobs...
2026-07-03 17:42:39,075 - INFO - Picked up job job_1. Status set to RUNNING.
2026-07-03 17:42:39,769 - INFO - Job job_1 optimization completed in 0.693 seconds.
2026-07-03 17:42:39,771 - INFO - Job job_1 processed successfully.
2026-07-03 17:42:52,113 - INFO - Starting BESS Orchestrator. Polling for jobs...
2026-07-03 17:42:52,114 - INFO - Picked up job job_1. Status set to RUNNING.
2026-07-03 17:42:52,730 - INFO - Job job_1 optimization completed in 0.614 seconds.
2026-07-03 17:42:52,731 - INFO - Job job_1 processed successfully.
2026-07-03 17:43:57,946 - INFO - Starting BESS Orchestrator. Polling for jobs...
2026-07-03 17:43:57,946 - INFO - Picked up job job_1. Status set to RUNNING.
2026-07-03 17:43:58,520 - INFO - Job job_1 optimization completed in 0.572 seconds.
2026-07-03 17:43:58,521 - INFO - Job job_1 processed successfully.
2026-07-03 17:43:58,523 - INFO - Starting BESS Orchestrator. Polling for jobs...
2026-07-03 17:43:58,523 - INFO - Picked up job job_poison. Status set to RUNNING.
2026-07-03 17:43:58,943 - ERROR - Job job_poison failed during execution: 'lithium_ion_bess'
Traceback (most recent call last):
  File "C:\Users\vatsv\AppData\Local\Programs\Python\Python311\Lib\site-packages\pandas\core\indexes\base.py", line 3802, in get_loc
    return self._engine.get_loc(casted_key)
           ^^^^^^^^^^^^^^^^^^^^^^^^^^^^^^^^
  File "index.pyx", line 153, in pandas._libs.index.IndexEngine.get_loc
  File "index.pyx", line 182, in pandas._libs.index.IndexEngine.get_loc
  File "pandas\\_libs\\hashtable_class_helper.pxi", line 7081, in pandas._libs.hashtable.PyObjectHashTable.get_item
  File "pandas\\_libs\\hashtable_class_helper.pxi", line 7089, in pandas._libs.hashtable.PyObjectHashTable.get_item
KeyError: 'lithium_ion_bess'

The above exception was the direct cause of the following exception:

Traceback (most recent call last):
  File "C:\Users\vatsv\OneDrive\Desktop\Energy_Transition_Projects\Battery_Arbitrage_Engine\bess_orchestrator.py", line 93, in process_one_job
    dispatch_df = quant_engine.optimize_dispatch(df, power_mw, energy_mwh, grid_fee_import, efficiency_store, efficiency_dispatch, depth_of_discharge, degradation_penalty)
                  ^^^^^^^^^^^^^^^^^^^^^^^^^^^^^^^^^^^^^^^^^^^^^^^^^^^^^^^^^^^^^^^^^^^^^^^^^^^^^^^^^^^^^^^^^^^^^^^^^^^^^^^^^^^^^^^^^^^^^^^^^^^^^^^^^^^^^^^^^^^^^^^^^^^^^^^^^
  File "C:\Users\vatsv\OneDrive\Desktop\Energy_Transition_Projects\Battery_Arbitrage_Engine\quant_engine.py", line 77, in optimize_dispatch
    p_dispatch = n.storage_units_t.p_dispatch['lithium_ion_bess']
                 ~~~~~~~~~~~~~~~~~~~~~~~~~~~~^^^^^^^^^^^^^^^^^^^^
  File "C:\Users\vatsv\AppData\Local\Programs\Python\Python311\Lib\site-packages\pandas\core\frame.py", line 4090, in __getitem__
    indexer = self.columns.get_loc(key)
              ^^^^^^^^^^^^^^^^^^^^^^^^^
  File "C:\Users\vatsv\AppData\Local\Programs\Python\Python311\Lib\site-packages\pandas\core\indexes\base.py", line 3809, in get_loc
    raise KeyError(key) from err
KeyError: 'lithium_ion_bess'
2026-07-03 17:43:58,980 - INFO - Starting BESS Orchestrator. Polling for jobs...
2026-07-03 17:43:58,981 - ERROR - Error in orchestration polling loop: database is locked
Traceback (most recent call last):
  File "C:\Users\vatsv\OneDrive\Desktop\Energy_Transition_Projects\Battery_Arbitrage_Engine\bess_orchestrator.py", line 146, in main
    process_one_job(conn)
  File "C:\Users\vatsv\OneDrive\Desktop\Energy_Transition_Projects\Battery_Arbitrage_Engine\bess_orchestrator.py", line 68, in process_one_job
    cursor.execute('''
  File "C:\Users\vatsv\AppData\Local\Programs\Python\Python311\Lib\unittest\mock.py", line 1124, in __call__
    return self._mock_call(*args, **kwargs)
           ^^^^^^^^^^^^^^^^^^^^^^^^^^^^^^^^
  File "C:\Users\vatsv\AppData\Local\Programs\Python\Python311\Lib\unittest\mock.py", line 1128, in _mock_call
    return self._execute_mock_call(*args, **kwargs)
           ^^^^^^^^^^^^^^^^^^^^^^^^^^^^^^^^^^^^^^^^
  File "C:\Users\vatsv\AppData\Local\Programs\Python\Python311\Lib\unittest\mock.py", line 1187, in _execute_mock_call
    raise result
sqlite3.OperationalError: database is locked
2026-07-03 17:44:00,983 - INFO - Graceful shutdown requested via OS signal. Finishing current job before exiting...
2026-07-03 17:44:00,984 - INFO - Starting BESS Orchestrator. Polling for jobs...
2026-07-03 17:44:00,984 - INFO - Orchestrator shut down successfully.
2026-07-03 17:44:40,642 - INFO - Starting BESS Orchestrator. Polling for jobs...
2026-07-03 17:44:40,642 - INFO - Picked up job job_poison. Status set to RUNNING.
2026-07-03 17:44:41,034 - ERROR - Job job_poison failed during execution: 'lithium_ion_bess'
Traceback (most recent call last):
  File "C:\Users\vatsv\AppData\Local\Programs\Python\Python311\Lib\site-packages\pandas\core\indexes\base.py", line 3802, in get_loc
    return self._engine.get_loc(casted_key)
           ^^^^^^^^^^^^^^^^^^^^^^^^^^^^^^^^
  File "index.pyx", line 153, in pandas._libs.index.IndexEngine.get_loc
  File "index.pyx", line 182, in pandas._libs.index.IndexEngine.get_loc
  File "pandas\\_libs\\hashtable_class_helper.pxi", line 7081, in pandas._libs.hashtable.PyObjectHashTable.get_item
  File "pandas\\_libs\\hashtable_class_helper.pxi", line 7089, in pandas._libs.hashtable.PyObjectHashTable.get_item
KeyError: 'lithium_ion_bess'

The above exception was the direct cause of the following exception:

Traceback (most recent call last):
  File "C:\Users\vatsv\OneDrive\Desktop\Energy_Transition_Projects\Battery_Arbitrage_Engine\bess_orchestrator.py", line 93, in process_one_job
    dispatch_df = quant_engine.optimize_dispatch(df, power_mw, energy_mwh, grid_fee_import, efficiency_store, efficiency_dispatch, depth_of_discharge, degradation_penalty)
                  ^^^^^^^^^^^^^^^^^^^^^^^^^^^^^^^^^^^^^^^^^^^^^^^^^^^^^^^^^^^^^^^^^^^^^^^^^^^^^^^^^^^^^^^^^^^^^^^^^^^^^^^^^^^^^^^^^^^^^^^^^^^^^^^^^^^^^^^^^^^^^^^^^^^^^^^^^
  File "C:\Users\vatsv\OneDrive\Desktop\Energy_Transition_Projects\Battery_Arbitrage_Engine\quant_engine.py", line 77, in optimize_dispatch
    p_dispatch = n.storage_units_t.p_dispatch['lithium_ion_bess']
                 ~~~~~~~~~~~~~~~~~~~~~~~~~~~~^^^^^^^^^^^^^^^^^^^^
  File "C:\Users\vatsv\AppData\Local\Programs\Python\Python311\Lib\site-packages\pandas\core\frame.py", line 4090, in __getitem__
    indexer = self.columns.get_loc(key)
              ^^^^^^^^^^^^^^^^^^^^^^^^^
  File "C:\Users\vatsv\AppData\Local\Programs\Python\Python311\Lib\site-packages\pandas\core\indexes\base.py", line 3809, in get_loc
    raise KeyError(key) from err
KeyError: 'lithium_ion_bess'
2026-07-03 17:44:41,040 - INFO - Starting BESS Orchestrator. Polling for jobs...
2026-07-03 17:44:41,041 - ERROR - Error in orchestration polling loop: database is locked
Traceback (most recent call last):
  File "C:\Users\vatsv\OneDrive\Desktop\Energy_Transition_Projects\Battery_Arbitrage_Engine\bess_orchestrator.py", line 146, in main
    process_one_job(conn)
  File "C:\Users\vatsv\OneDrive\Desktop\Energy_Transition_Projects\Battery_Arbitrage_Engine\bess_orchestrator.py", line 68, in process_one_job
    cursor.execute('''
  File "C:\Users\vatsv\AppData\Local\Programs\Python\Python311\Lib\unittest\mock.py", line 1124, in __call__
    return self._mock_call(*args, **kwargs)
           ^^^^^^^^^^^^^^^^^^^^^^^^^^^^^^^^
  File "C:\Users\vatsv\AppData\Local\Programs\Python\Python311\Lib\unittest\mock.py", line 1128, in _mock_call
    return self._execute_mock_call(*args, **kwargs)
           ^^^^^^^^^^^^^^^^^^^^^^^^^^^^^^^^^^^^^^^^
  File "C:\Users\vatsv\AppData\Local\Programs\Python\Python311\Lib\unittest\mock.py", line 1187, in _execute_mock_call
    raise result
sqlite3.OperationalError: database is locked
2026-07-03 17:44:43,042 - INFO - Graceful shutdown requested via OS signal. Finishing current job before exiting...
2026-07-03 17:44:43,043 - INFO - Starting BESS Orchestrator. Polling for jobs...
2026-07-03 17:44:43,044 - INFO - Orchestrator shut down successfully.
2026-07-03 17:52:48,902 - INFO - Picked up job 9f7febe1-535f-47f8-ae17-11731e05fca5. Status set to RUNNING.
2026-07-03 17:52:52,095 - INFO - Job 9f7febe1-535f-47f8-ae17-11731e05fca5 optimization completed in 3.096 seconds.
2026-07-03 17:52:52,267 - INFO - Job 9f7febe1-535f-47f8-ae17-11731e05fca5 processed successfully.
2026-07-04 00:35:23,684 - INFO - Picked up job 9178b550-2ee6-4540-94cb-a3f33e1da9b1. Status set to RUNNING.
2026-07-04 00:35:27,557 - INFO - Job 9178b550-2ee6-4540-94cb-a3f33e1da9b1 optimization completed in 3.701 seconds.
2026-07-04 00:35:27,807 - INFO - Job 9178b550-2ee6-4540-94cb-a3f33e1da9b1 processed successfully.
2026-07-04 00:37:12,466 - INFO - Starting BESS Orchestrator. Polling for jobs...
2026-07-04 00:46:48,962 - INFO - Starting BESS Orchestrator. Polling for jobs...
2026-07-04 00:46:48,963 - INFO - Picked up job job_1. Status set to RUNNING.
2026-07-04 00:46:49,642 - INFO - Job job_1 optimization completed in 0.679 seconds.
2026-07-04 00:46:49,644 - INFO - Job job_1 processed successfully.
2026-07-04 00:46:49,646 - INFO - Starting BESS Orchestrator. Polling for jobs...
2026-07-04 00:46:49,646 - INFO - Picked up job job_poison. Status set to RUNNING.
2026-07-04 00:46:50,069 - ERROR - Job job_poison failed during execution: 'lithium_ion_bess'
Traceback (most recent call last):
  File "C:\Users\vatsv\AppData\Local\Programs\Python\Python311\Lib\site-packages\pandas\core\indexes\base.py", line 3802, in get_loc
    return self._engine.get_loc(casted_key)
           ^^^^^^^^^^^^^^^^^^^^^^^^^^^^^^^^
  File "index.pyx", line 153, in pandas._libs.index.IndexEngine.get_loc
  File "index.pyx", line 182, in pandas._libs.index.IndexEngine.get_loc
  File "pandas\\_libs\\hashtable_class_helper.pxi", line 7081, in pandas._libs.hashtable.PyObjectHashTable.get_item
  File "pandas\\_libs\\hashtable_class_helper.pxi", line 7089, in pandas._libs.hashtable.PyObjectHashTable.get_item
KeyError: 'lithium_ion_bess'

The above exception was the direct cause of the following exception:

Traceback (most recent call last):
  File "C:\Users\vatsv\OneDrive\Desktop\Energy_Transition_Projects\Battery_Arbitrage_Engine\bess_orchestrator.py", line 93, in process_one_job
    dispatch_df = quant_engine.optimize_dispatch(df, power_mw, energy_mwh, grid_fee_import, efficiency_store, efficiency_dispatch, depth_of_discharge, degradation_penalty)
                  ^^^^^^^^^^^^^^^^^^^^^^^^^^^^^^^^^^^^^^^^^^^^^^^^^^^^^^^^^^^^^^^^^^^^^^^^^^^^^^^^^^^^^^^^^^^^^^^^^^^^^^^^^^^^^^^^^^^^^^^^^^^^^^^^^^^^^^^^^^^^^^^^^^^^^^^^^
  File "C:\Users\vatsv\OneDrive\Desktop\Energy_Transition_Projects\Battery_Arbitrage_Engine\quant_engine.py", line 77, in optimize_dispatch
    p_dispatch = n.storage_units_t.p_dispatch['lithium_ion_bess']
                 ~~~~~~~~~~~~~~~~~~~~~~~~~~~~^^^^^^^^^^^^^^^^^^^^
  File "C:\Users\vatsv\AppData\Local\Programs\Python\Python311\Lib\site-packages\pandas\core\frame.py", line 4090, in __getitem__
    indexer = self.columns.get_loc(key)
              ^^^^^^^^^^^^^^^^^^^^^^^^^
  File "C:\Users\vatsv\AppData\Local\Programs\Python\Python311\Lib\site-packages\pandas\core\indexes\base.py", line 3809, in get_loc
    raise KeyError(key) from err
KeyError: 'lithium_ion_bess'
2026-07-04 00:46:50,078 - INFO - Starting BESS Orchestrator. Polling for jobs...
2026-07-04 00:46:50,078 - ERROR - Error in orchestration polling loop: database is locked
Traceback (most recent call last):
  File "C:\Users\vatsv\OneDrive\Desktop\Energy_Transition_Projects\Battery_Arbitrage_Engine\bess_orchestrator.py", line 146, in main
    process_one_job(conn)
  File "C:\Users\vatsv\OneDrive\Desktop\Energy_Transition_Projects\Battery_Arbitrage_Engine\bess_orchestrator.py", line 68, in process_one_job
    cursor.execute('''
  File "C:\Users\vatsv\AppData\Local\Programs\Python\Python311\Lib\unittest\mock.py", line 1124, in __call__
    return self._mock_call(*args, **kwargs)
           ^^^^^^^^^^^^^^^^^^^^^^^^^^^^^^^^
  File "C:\Users\vatsv\AppData\Local\Programs\Python\Python311\Lib\unittest\mock.py", line 1128, in _mock_call
    return self._execute_mock_call(*args, **kwargs)
           ^^^^^^^^^^^^^^^^^^^^^^^^^^^^^^^^^^^^^^^^
  File "C:\Users\vatsv\AppData\Local\Programs\Python\Python311\Lib\unittest\mock.py", line 1187, in _execute_mock_call
    raise result
sqlite3.OperationalError: database is locked
2026-07-04 00:46:52,081 - INFO - Graceful shutdown requested via OS signal. Finishing current job before exiting...
2026-07-04 00:46:52,083 - INFO - Starting BESS Orchestrator. Polling for jobs...
2026-07-04 00:46:52,083 - INFO - Orchestrator shut down successfully.
2026-07-04 00:47:51,914 - INFO - Starting BESS Orchestrator. Polling for jobs...
2026-07-04 00:47:51,914 - INFO - Picked up job job_1. Status set to RUNNING.
2026-07-04 00:47:52,536 - INFO - Job job_1 optimization completed in 0.620 seconds.
2026-07-04 00:47:52,536 - INFO - Job job_1 processed successfully.
2026-07-04 00:47:52,540 - INFO - Starting BESS Orchestrator. Polling for jobs...
2026-07-04 00:47:52,540 - INFO - Picked up job job_poison. Status set to RUNNING.
2026-07-04 00:47:52,962 - ERROR - Job job_poison failed during execution: 'lithium_ion_bess'
Traceback (most recent call last):
  File "C:\Users\vatsv\AppData\Local\Programs\Python\Python311\Lib\site-packages\pandas\core\indexes\base.py", line 3802, in get_loc
    return self._engine.get_loc(casted_key)
           ^^^^^^^^^^^^^^^^^^^^^^^^^^^^^^^^
  File "index.pyx", line 153, in pandas._libs.index.IndexEngine.get_loc
  File "index.pyx", line 182, in pandas._libs.index.IndexEngine.get_loc
  File "pandas\\_libs\\hashtable_class_helper.pxi", line 7081, in pandas._libs.hashtable.PyObjectHashTable.get_item
  File "pandas\\_libs\\hashtable_class_helper.pxi", line 7089, in pandas._libs.hashtable.PyObjectHashTable.get_item
KeyError: 'lithium_ion_bess'

The above exception was the direct cause of the following exception:

Traceback (most recent call last):
  File "C:\Users\vatsv\OneDrive\Desktop\Energy_Transition_Projects\Battery_Arbitrage_Engine\bess_orchestrator.py", line 93, in process_one_job
    dispatch_df = quant_engine.optimize_dispatch(df, power_mw, energy_mwh, grid_fee_import, efficiency_store, efficiency_dispatch, depth_of_discharge, degradation_penalty)
                  ^^^^^^^^^^^^^^^^^^^^^^^^^^^^^^^^^^^^^^^^^^^^^^^^^^^^^^^^^^^^^^^^^^^^^^^^^^^^^^^^^^^^^^^^^^^^^^^^^^^^^^^^^^^^^^^^^^^^^^^^^^^^^^^^^^^^^^^^^^^^^^^^^^^^^^^^^
  File "C:\Users\vatsv\OneDrive\Desktop\Energy_Transition_Projects\Battery_Arbitrage_Engine\quant_engine.py", line 77, in optimize_dispatch
    p_dispatch = n.storage_units_t.p_dispatch['lithium_ion_bess']
                 ~~~~~~~~~~~~~~~~~~~~~~~~~~~~^^^^^^^^^^^^^^^^^^^^
  File "C:\Users\vatsv\AppData\Local\Programs\Python\Python311\Lib\site-packages\pandas\core\frame.py", line 4090, in __getitem__
    indexer = self.columns.get_loc(key)
              ^^^^^^^^^^^^^^^^^^^^^^^^^
  File "C:\Users\vatsv\AppData\Local\Programs\Python\Python311\Lib\site-packages\pandas\core\indexes\base.py", line 3809, in get_loc
    raise KeyError(key) from err
KeyError: 'lithium_ion_bess'
2026-07-04 00:47:52,977 - INFO - Starting BESS Orchestrator. Polling for jobs...
2026-07-04 00:47:52,977 - ERROR - Error in orchestration polling loop: database is locked
Traceback (most recent call last):
  File "C:\Users\vatsv\OneDrive\Desktop\Energy_Transition_Projects\Battery_Arbitrage_Engine\bess_orchestrator.py", line 146, in main
    process_one_job(conn)
  File "C:\Users\vatsv\OneDrive\Desktop\Energy_Transition_Projects\Battery_Arbitrage_Engine\bess_orchestrator.py", line 68, in process_one_job
    cursor.execute('''
  File "C:\Users\vatsv\AppData\Local\Programs\Python\Python311\Lib\unittest\mock.py", line 1124, in __call__
    return self._mock_call(*args, **kwargs)
           ^^^^^^^^^^^^^^^^^^^^^^^^^^^^^^^^
  File "C:\Users\vatsv\AppData\Local\Programs\Python\Python311\Lib\unittest\mock.py", line 1128, in _mock_call
    return self._execute_mock_call(*args, **kwargs)
           ^^^^^^^^^^^^^^^^^^^^^^^^^^^^^^^^^^^^^^^^
  File "C:\Users\vatsv\AppData\Local\Programs\Python\Python311\Lib\unittest\mock.py", line 1187, in _execute_mock_call
    raise result
sqlite3.OperationalError: database is locked
2026-07-04 00:47:54,979 - INFO - Graceful shutdown requested via OS signal. Finishing current job before exiting...
2026-07-04 00:47:54,981 - INFO - Starting BESS Orchestrator. Polling for jobs...
2026-07-04 00:47:54,982 - INFO - Orchestrator shut down successfully.
2026-07-04 00:53:51,837 - INFO - Starting BESS Orchestrator. Polling for jobs...
2026-07-04 00:53:51,843 - INFO - Picked up job 30a47146-a136-4369-b1ef-a7ffeee75d04. Status set to RUNNING.
2026-07-04 00:53:54,626 - INFO - Job 30a47146-a136-4369-b1ef-a7ffeee75d04 optimization completed in 2.735 seconds.
2026-07-04 00:53:54,775 - INFO - Job 30a47146-a136-4369-b1ef-a7ffeee75d04 processed successfully.
2026-07-04 00:55:38,824 - INFO - Picked up job d65dabc3-6a1f-4a98-bd88-149c83824cd2. Status set to RUNNING.
2026-07-04 00:55:41,877 - INFO - Job d65dabc3-6a1f-4a98-bd88-149c83824cd2 optimization completed in 3.021 seconds.
2026-07-04 00:55:42,015 - INFO - Job d65dabc3-6a1f-4a98-bd88-149c83824cd2 processed successfully.
2026-07-04 00:56:12,033 - INFO - Picked up job c9f7c1f6-0f10-40b7-ad5b-c9ef91c9eddd. Status set to RUNNING.
2026-07-04 00:56:15,105 - INFO - Job c9f7c1f6-0f10-40b7-ad5b-c9ef91c9eddd optimization completed in 3.032 seconds.
2026-07-04 00:56:15,307 - INFO - Job c9f7c1f6-0f10-40b7-ad5b-c9ef91c9eddd processed successfully.
2026-07-04 02:32:56,868 - INFO - Picked up job c064289e-757a-4fb2-8823-bbbc897610c6. Status set to RUNNING.
2026-07-04 02:33:00,004 - INFO - Job c064289e-757a-4fb2-8823-bbbc897610c6 optimization completed in 3.093 seconds.
2026-07-04 02:33:00,183 - INFO - Job c064289e-757a-4fb2-8823-bbbc897610c6 processed successfully.
2026-07-04 02:34:00,215 - INFO - Picked up job 6530a67e-1157-44c2-8c30-a1a9a9c265f9. Status set to RUNNING.
2026-07-04 02:34:03,141 - INFO - Job 6530a67e-1157-44c2-8c30-a1a9a9c265f9 optimization completed in 2.899 seconds.
2026-07-04 02:34:03,272 - INFO - Job 6530a67e-1157-44c2-8c30-a1a9a9c265f9 processed successfully.
2026-07-04 02:37:55,372 - INFO - Picked up job 5be2af9f-2522-46bf-bef3-76bfa685785d. Status set to RUNNING.
2026-07-04 02:37:58,518 - INFO - Job 5be2af9f-2522-46bf-bef3-76bfa685785d optimization completed in 3.118 seconds.
2026-07-04 02:37:58,774 - INFO - Job 5be2af9f-2522-46bf-bef3-76bfa685785d processed successfully.
2026-07-04 02:43:00,901 - INFO - Picked up job b9a2a002-a321-4b17-ac56-61980b2f083f. Status set to RUNNING.
2026-07-04 02:43:03,890 - INFO - Job b9a2a002-a321-4b17-ac56-61980b2f083f optimization completed in 2.942 seconds.
2026-07-04 02:43:04,032 - INFO - Job b9a2a002-a321-4b17-ac56-61980b2f083f processed successfully.
2026-07-04 02:43:28,056 - INFO - Picked up job a32df690-cce2-493e-9750-870bd3aad066. Status set to RUNNING.
2026-07-04 02:43:31,000 - INFO - Job a32df690-cce2-493e-9750-870bd3aad066 optimization completed in 2.910 seconds.
2026-07-04 02:43:31,142 - INFO - Job a32df690-cce2-493e-9750-870bd3aad066 processed successfully.
2026-07-04 02:44:03,169 - INFO - Picked up job dd8afed3-e634-4dbf-970b-db81c4563d6a. Status set to RUNNING.
2026-07-04 02:44:06,083 - INFO - Job dd8afed3-e634-4dbf-970b-db81c4563d6a optimization completed in 2.886 seconds.
2026-07-04 02:44:06,361 - INFO - Job dd8afed3-e634-4dbf-970b-db81c4563d6a processed successfully.
2026-07-04 02:44:22,372 - INFO - Picked up job a4e5c496-333f-42bc-9fa9-e5f6bf36cc4c. Status set to RUNNING.
2026-07-04 02:44:25,193 - INFO - Job a4e5c496-333f-42bc-9fa9-e5f6bf36cc4c optimization completed in 2.792 seconds.
2026-07-04 02:44:25,325 - INFO - Job a4e5c496-333f-42bc-9fa9-e5f6bf36cc4c processed successfully.
2026-07-04 02:44:39,342 - INFO - Picked up job b1bd740d-214d-4768-8900-36b6c9ebdc7e. Status set to RUNNING.
2026-07-04 02:44:42,225 - INFO - Job b1bd740d-214d-4768-8900-36b6c9ebdc7e optimization completed in 2.854 seconds.
2026-07-04 02:44:42,446 - INFO - Job b1bd740d-214d-4768-8900-36b6c9ebdc7e processed successfully.
2026-07-04 12:51:00,330 - INFO - Picked up job 7469f3a9-e9c1-42d7-9a73-88517a358e29. Status set to RUNNING.
2026-07-04 12:51:04,911 - INFO - Job 7469f3a9-e9c1-42d7-9a73-88517a358e29 optimization completed in 4.512 seconds.
2026-07-04 12:51:05,239 - INFO - Job 7469f3a9-e9c1-42d7-9a73-88517a358e29 processed successfully.
2026-07-04 12:55:54,469 - INFO - Picked up job d258adc8-2eca-4cd5-b35b-8f547f9c6bc8. Status set to RUNNING.
2026-07-04 12:55:59,043 - INFO - Job d258adc8-2eca-4cd5-b35b-8f547f9c6bc8 optimization completed in 4.528 seconds.
2026-07-04 12:55:59,369 - INFO - Job d258adc8-2eca-4cd5-b35b-8f547f9c6bc8 processed successfully.
2026-07-04 13:22:38,178 - INFO - Picked up job 939c9513-e65c-44bc-aa48-aac8bb069286. Status set to RUNNING.
2026-07-04 13:22:42,835 - INFO - Job 939c9513-e65c-44bc-aa48-aac8bb069286 optimization completed in 4.608 seconds.
2026-07-04 13:22:43,158 - INFO - Job 939c9513-e65c-44bc-aa48-aac8bb069286 processed successfully.
2026-07-04 13:41:23,657 - INFO - Picked up job 4ad937c2-4e29-46c8-9642-460c4cc3ebfd. Status set to RUNNING.
2026-07-04 13:41:28,233 - INFO - Job 4ad937c2-4e29-46c8-9642-460c4cc3ebfd optimization completed in 4.437 seconds.
2026-07-04 13:41:28,547 - INFO - Job 4ad937c2-4e29-46c8-9642-460c4cc3ebfd processed successfully.
2026-07-04 14:11:13,357 - INFO - Picked up job f6ac678b-81ec-40d6-8fc2-a20c483d9188. Status set to RUNNING.
2026-07-04 14:11:17,934 - INFO - Job f6ac678b-81ec-40d6-8fc2-a20c483d9188 optimization completed in 4.537 seconds.
2026-07-04 14:11:18,264 - INFO - Job f6ac678b-81ec-40d6-8fc2-a20c483d9188 processed successfully.
2026-07-05 13:39:40,477 - INFO - Starting BESS Orchestrator. Polling for jobs...
2026-07-05 13:44:22,726 - INFO - Picked up job 289a7a95-12cd-44e6-842f-b56db19150b5. Status set to RUNNING.
2026-07-05 13:44:26,398 - INFO - Job 289a7a95-12cd-44e6-842f-b56db19150b5 optimization completed in 3.637 seconds.
2026-07-05 13:44:30,730 - INFO - Job 289a7a95-12cd-44e6-842f-b56db19150b5 processed successfully.
2026-07-05 19:33:27,433 - INFO - Starting BESS Orchestrator. Polling for jobs...
2026-07-05 19:45:06,152 - INFO - Picked up job be6b8b40-d58b-4ba8-aded-52445409ab42. Status set to RUNNING.
2026-07-05 19:45:11,536 - INFO - Job be6b8b40-d58b-4ba8-aded-52445409ab42 optimization completed in 5.331 seconds.
2026-07-05 19:45:11,906 - INFO - Job be6b8b40-d58b-4ba8-aded-52445409ab42 processed successfully.
2026-07-05 19:50:44,021 - INFO - Picked up job 4d8e7dcd-7c90-4f49-a6ea-952203a49471. Status set to RUNNING.
2026-07-05 19:50:48,645 - INFO - Job 4d8e7dcd-7c90-4f49-a6ea-952203a49471 optimization completed in 4.580 seconds.
2026-07-05 19:50:48,952 - INFO - Job 4d8e7dcd-7c90-4f49-a6ea-952203a49471 processed successfully.
2026-07-05 23:07:19,608 - INFO - Picked up job 7e615ddb-e715-4677-8df1-9903af3d309c. Status set to RUNNING.
2026-07-05 23:07:22,659 - INFO - Job 7e615ddb-e715-4677-8df1-9903af3d309c optimization completed in 3.021 seconds.
2026-07-05 23:07:22,918 - INFO - Job 7e615ddb-e715-4677-8df1-9903af3d309c processed successfully.
2026-07-05 23:07:34,934 - INFO - Picked up job 69185a35-012e-47fa-9512-9d0e5738a332. Status set to RUNNING.
2026-07-05 23:07:37,897 - INFO - Job 69185a35-012e-47fa-9512-9d0e5738a332 optimization completed in 2.930 seconds.
2026-07-05 23:07:38,024 - INFO - Job 69185a35-012e-47fa-9512-9d0e5738a332 processed successfully.
2026-07-05 23:08:56,063 - INFO - Picked up job 13b935ef-0bf3-4737-89ca-0a2a47233184. Status set to RUNNING.
2026-07-05 23:08:59,010 - INFO - Job 13b935ef-0bf3-4737-89ca-0a2a47233184 optimization completed in 2.911 seconds.
2026-07-05 23:08:59,138 - INFO - Job 13b935ef-0bf3-4737-89ca-0a2a47233184 processed successfully.
2026-07-05 23:09:13,153 - INFO - Picked up job 9e535c80-52de-490c-a537-18eb9704ae6e. Status set to RUNNING.
2026-07-05 23:09:16,078 - INFO - Job 9e535c80-52de-490c-a537-18eb9704ae6e optimization completed in 2.898 seconds.
2026-07-05 23:09:16,201 - INFO - Job 9e535c80-52de-490c-a537-18eb9704ae6e processed successfully.
2026-07-05 23:25:52,574 - INFO - Picked up job 2bd02c78-70d8-47ec-90b2-8bd3af74e1a9. Status set to RUNNING.
2026-07-05 23:25:55,762 - INFO - Job 2bd02c78-70d8-47ec-90b2-8bd3af74e1a9 optimization completed in 3.155 seconds.
2026-07-05 23:25:55,890 - INFO - Job 2bd02c78-70d8-47ec-90b2-8bd3af74e1a9 processed successfully.
2026-07-05 23:27:35,941 - INFO - Picked up job 752685b6-d56f-4078-9501-789eca92f15a. Status set to RUNNING.
2026-07-05 23:27:38,991 - INFO - Job 752685b6-d56f-4078-9501-789eca92f15a optimization completed in 3.017 seconds.
2026-07-05 23:27:39,173 - INFO - Job 752685b6-d56f-4078-9501-789eca92f15a processed successfully.
2026-07-05 23:27:51,186 - INFO - Picked up job 80e7e424-a7c7-4355-a0c4-0deedcdbaf76. Status set to RUNNING.
2026-07-05 23:27:54,305 - INFO - Job 80e7e424-a7c7-4355-a0c4-0deedcdbaf76 optimization completed in 3.084 seconds.
2026-07-05 23:27:54,477 - INFO - Job 80e7e424-a7c7-4355-a0c4-0deedcdbaf76 processed successfully.
2026-07-05 23:28:06,503 - INFO - Picked up job 9402e428-b560-43f3-86c1-35a6e3e10eae. Status set to RUNNING.
2026-07-05 23:28:09,696 - INFO - Job 9402e428-b560-43f3-86c1-35a6e3e10eae optimization completed in 3.155 seconds.
2026-07-05 23:28:09,850 - INFO - Job 9402e428-b560-43f3-86c1-35a6e3e10eae processed successfully.
2026-07-05 23:35:22,691 - INFO - Starting BESS Orchestrator. Polling for jobs...
2026-07-05 23:36:38,719 - INFO - Picked up job eac1f5a1-b3c1-456a-9458-03d0994f3092. Status set to RUNNING.
2026-07-05 23:36:42,190 - INFO - Job eac1f5a1-b3c1-456a-9458-03d0994f3092 optimization completed in 3.433 seconds.
2026-07-05 23:36:42,365 - INFO - Job eac1f5a1-b3c1-456a-9458-03d0994f3092 processed successfully.
2026-07-05 23:36:56,385 - INFO - Picked up job a18f9420-4812-4835-b6c8-d7aadb8585a7. Status set to RUNNING.
2026-07-05 23:36:59,556 - INFO - Job a18f9420-4812-4835-b6c8-d7aadb8585a7 optimization completed in 3.137 seconds.
2026-07-05 23:36:59,762 - INFO - Job a18f9420-4812-4835-b6c8-d7aadb8585a7 processed successfully.
2026-07-05 23:37:23,779 - INFO - Picked up job 2e91914e-1fab-4d5d-b898-1ee100c0e9fb. Status set to RUNNING.
2026-07-05 23:37:26,804 - INFO - Job 2e91914e-1fab-4d5d-b898-1ee100c0e9fb optimization completed in 2.993 seconds.
2026-07-05 23:37:27,033 - INFO - Job 2e91914e-1fab-4d5d-b898-1ee100c0e9fb processed successfully.
2026-07-05 23:37:39,044 - INFO - Picked up job e0be81ab-077a-458c-bc31-4a50e46daf22. Status set to RUNNING.
2026-07-05 23:37:42,288 - INFO - Job e0be81ab-077a-458c-bc31-4a50e46daf22 optimization completed in 3.212 seconds.
2026-07-05 23:37:42,444 - INFO - Job e0be81ab-077a-458c-bc31-4a50e46daf22 processed successfully.
2026-07-05 23:37:58,455 - INFO - Picked up job a78fbc2d-0952-4c40-a7f5-5038b2582410. Status set to RUNNING.
2026-07-05 23:38:01,440 - INFO - Job a78fbc2d-0952-4c40-a7f5-5038b2582410 optimization completed in 2.950 seconds.
2026-07-05 23:38:01,593 - INFO - Job a78fbc2d-0952-4c40-a7f5-5038b2582410 processed successfully.
2026-07-05 23:38:33,614 - INFO - Picked up job 4e28a00c-68f6-4094-909d-9f3d415aa5c9. Status set to RUNNING.
2026-07-05 23:38:36,660 - INFO - Job 4e28a00c-68f6-4094-909d-9f3d415aa5c9 optimization completed in 3.013 seconds.
2026-07-05 23:38:36,805 - INFO - Job 4e28a00c-68f6-4094-909d-9f3d415aa5c9 processed successfully.
2026-07-05 23:38:48,818 - INFO - Picked up job d25e6b73-9e6c-48be-9f9c-7ce8d4f9c0f7. Status set to RUNNING.
2026-07-05 23:38:51,793 - INFO - Job d25e6b73-9e6c-48be-9f9c-7ce8d4f9c0f7 optimization completed in 2.879 seconds.
2026-07-05 23:38:52,001 - INFO - Job d25e6b73-9e6c-48be-9f9c-7ce8d4f9c0f7 processed successfully.
2026-07-05 23:39:02,012 - INFO - Picked up job bda838d7-c6d1-47ee-ba35-dff4c6a21d40. Status set to RUNNING.
2026-07-05 23:39:05,011 - INFO - Job bda838d7-c6d1-47ee-ba35-dff4c6a21d40 optimization completed in 2.972 seconds.
2026-07-05 23:39:05,143 - INFO - Job bda838d7-c6d1-47ee-ba35-dff4c6a21d40 processed successfully.
2026-07-05 23:39:23,161 - INFO - Picked up job 9140655b-a01c-4161-a635-c93139a61cb8. Status set to RUNNING.
2026-07-05 23:39:26,211 - INFO - Job 9140655b-a01c-4161-a635-c93139a61cb8 optimization completed in 3.023 seconds.
2026-07-05 23:39:26,355 - INFO - Job 9140655b-a01c-4161-a635-c93139a61cb8 processed successfully.
2026-07-06 00:00:26,846 - INFO - Picked up job bc61f41f-9316-4968-b319-a66cebabddda. Status set to RUNNING.
2026-07-06 00:00:29,978 - INFO - Job bc61f41f-9316-4968-b319-a66cebabddda optimization completed in 3.006 seconds.
2026-07-06 00:00:30,175 - INFO - Job bc61f41f-9316-4968-b319-a66cebabddda processed successfully.
2026-07-06 00:05:12,291 - INFO - Picked up job 77693599-3c19-4417-88e7-38d6b29d833d. Status set to RUNNING.
2026-07-06 00:05:20,750 - INFO - Job 77693599-3c19-4417-88e7-38d6b29d833d optimization completed in 8.375 seconds.
2026-07-06 00:05:21,073 - INFO - Job 77693599-3c19-4417-88e7-38d6b29d833d processed successfully.
2026-07-06 00:10:35,194 - INFO - Picked up job 7f7e1073-a332-4e46-90fc-aba6e067551d. Status set to RUNNING.
2026-07-06 00:10:39,814 - INFO - Job 7f7e1073-a332-4e46-90fc-aba6e067551d optimization completed in 4.582 seconds.
2026-07-06 00:10:40,124 - INFO - Job 7f7e1073-a332-4e46-90fc-aba6e067551d processed successfully.
2026-07-06 00:26:10,498 - INFO - Picked up job eaead33e-087f-4ebc-a504-f51dd559e5b1. Status set to RUNNING.
2026-07-06 00:26:15,076 - INFO - Job eaead33e-087f-4ebc-a504-f51dd559e5b1 optimization completed in 4.523 seconds.
2026-07-06 00:26:15,395 - INFO - Job eaead33e-087f-4ebc-a504-f51dd559e5b1 processed successfully.
2026-07-06 00:34:33,680 - INFO - Starting BESS Orchestrator. Polling for jobs...
2026-07-06 00:35:19,704 - INFO - Picked up job 87a962d8-bf3b-4d62-ac74-9f7c36c8a804. Status set to RUNNING.
2026-07-06 00:35:24,731 - INFO - Job 87a962d8-bf3b-4d62-ac74-9f7c36c8a804 optimization completed in 4.970 seconds.
2026-07-06 00:35:25,097 - INFO - Job 87a962d8-bf3b-4d62-ac74-9f7c36c8a804 processed successfully.
2026-07-06 13:58:34,209 - INFO - Picked up job 676af14e-f690-4fa7-b253-d4967c5e5b2f. Status set to RUNNING.
2026-07-06 13:58:39,056 - INFO - Job 676af14e-f690-4fa7-b253-d4967c5e5b2f optimization completed in 4.751 seconds.
2026-07-06 13:58:39,379 - INFO - Job 676af14e-f690-4fa7-b253-d4967c5e5b2f processed successfully.
2026-07-06 13:58:41,388 - INFO - Picked up job 58ea1436-ed88-4e13-bc9a-76f44e1b0aba. Status set to RUNNING.
2026-07-06 13:58:45,958 - INFO - Job 58ea1436-ed88-4e13-bc9a-76f44e1b0aba optimization completed in 4.523 seconds.
2026-07-06 13:58:46,371 - INFO - Job 58ea1436-ed88-4e13-bc9a-76f44e1b0aba processed successfully.
2026-07-06 14:05:34,576 - INFO - Picked up job 90a30525-e55c-45ad-a7ae-874963e40083. Status set to RUNNING.
2026-07-06 14:05:39,174 - INFO - Job 90a30525-e55c-45ad-a7ae-874963e40083 optimization completed in 4.547 seconds.
2026-07-06 14:05:39,493 - INFO - Job 90a30525-e55c-45ad-a7ae-874963e40083 processed successfully.
2026-07-06 14:05:55,509 - INFO - Picked up job 8e02f222-d3db-4535-8d87-f71e0d42ed80. Status set to RUNNING.
2026-07-06 14:06:00,172 - INFO - Job 8e02f222-d3db-4535-8d87-f71e0d42ed80 optimization completed in 4.619 seconds.
2026-07-06 14:06:00,493 - INFO - Job 8e02f222-d3db-4535-8d87-f71e0d42ed80 processed successfully.
2026-07-06 14:06:10,509 - INFO - Picked up job a2d43d65-b29b-4209-a0f5-14de7b926825. Status set to RUNNING.
2026-07-06 14:06:15,100 - INFO - Job a2d43d65-b29b-4209-a0f5-14de7b926825 optimization completed in 4.539 seconds.
2026-07-06 14:06:15,516 - INFO - Job a2d43d65-b29b-4209-a0f5-14de7b926825 processed successfully.
2026-07-06 14:24:52,477 - INFO - Picked up job 444fe3b7-fbf8-439d-a4c7-c3bcaae0e17d. Status set to RUNNING.
2026-07-06 14:24:55,502 - INFO - Job 444fe3b7-fbf8-439d-a4c7-c3bcaae0e17d optimization completed in 2.978 seconds.
2026-07-06 14:24:55,641 - INFO - Job 444fe3b7-fbf8-439d-a4c7-c3bcaae0e17d processed successfully.
2026-07-06 14:26:33,689 - INFO - Picked up job 0c65e386-886a-45d8-81fe-980100ec487c. Status set to RUNNING.
2026-07-06 14:26:36,765 - INFO - Job 0c65e386-886a-45d8-81fe-980100ec487c optimization completed in 3.044 seconds.
2026-07-06 14:26:36,905 - INFO - Job 0c65e386-886a-45d8-81fe-980100ec487c processed successfully.
2026-07-06 14:26:54,924 - INFO - Picked up job 6c24eb5e-93b2-4eb0-8e89-84fd82f3e6c5. Status set to RUNNING.
2026-07-06 14:26:57,923 - INFO - Job 6c24eb5e-93b2-4eb0-8e89-84fd82f3e6c5 optimization completed in 2.963 seconds.
2026-07-06 14:26:58,121 - INFO - Job 6c24eb5e-93b2-4eb0-8e89-84fd82f3e6c5 processed successfully.
2026-07-06 14:47:20,612 - INFO - Picked up job 1433f5a8-f7cc-461a-8df9-0aba1f18da9e. Status set to RUNNING.
2026-07-06 14:47:23,528 - INFO - Job 1433f5a8-f7cc-461a-8df9-0aba1f18da9e optimization completed in 2.871 seconds.
2026-07-06 14:47:23,679 - INFO - Job 1433f5a8-f7cc-461a-8df9-0aba1f18da9e processed successfully.
2026-07-06 14:47:35,688 - INFO - Picked up job aa24aa5d-3963-41a5-b85c-304a2cecba4c. Status set to RUNNING.
2026-07-06 14:47:38,686 - INFO - Job aa24aa5d-3963-41a5-b85c-304a2cecba4c optimization completed in 2.961 seconds.
2026-07-06 14:47:38,844 - INFO - Job aa24aa5d-3963-41a5-b85c-304a2cecba4c processed successfully.
2026-07-06 14:47:48,853 - INFO - Picked up job 915f7adb-9af2-4d3c-8cbc-75a9f87c9e2b. Status set to RUNNING.
2026-07-06 14:47:51,782 - INFO - Job 915f7adb-9af2-4d3c-8cbc-75a9f87c9e2b optimization completed in 2.893 seconds.
2026-07-06 14:47:52,001 - INFO - Job 915f7adb-9af2-4d3c-8cbc-75a9f87c9e2b processed successfully.
2026-07-06 15:02:34,341 - INFO - Picked up job 40480fc5-7a0d-4b2d-949d-b02ec6db6072. Status set to RUNNING.
2026-07-06 15:02:37,238 - INFO - Job 40480fc5-7a0d-4b2d-949d-b02ec6db6072 optimization completed in 2.864 seconds.
2026-07-06 15:02:37,371 - INFO - Job 40480fc5-7a0d-4b2d-949d-b02ec6db6072 processed successfully.
2026-07-06 15:03:05,391 - INFO - Picked up job 53ddf43d-72e3-4a0c-8127-f0c51e75e6ad. Status set to RUNNING.
2026-07-06 15:03:08,220 - INFO - Job 53ddf43d-72e3-4a0c-8127-f0c51e75e6ad optimization completed in 2.792 seconds.
2026-07-06 15:03:08,368 - INFO - Job 53ddf43d-72e3-4a0c-8127-f0c51e75e6ad processed successfully.
2026-07-06 15:03:10,376 - INFO - Picked up job 3751f14e-5112-49ef-b68c-8d2f4246a601. Status set to RUNNING.
2026-07-06 15:03:13,231 - INFO - Job 3751f14e-5112-49ef-b68c-8d2f4246a601 optimization completed in 2.818 seconds.
2026-07-06 15:03:13,439 - INFO - Job 3751f14e-5112-49ef-b68c-8d2f4246a601 processed successfully.
2026-07-06 15:03:27,459 - INFO - Picked up job eb97f154-80a5-4f23-aa74-b979ca25a90c. Status set to RUNNING.
2026-07-06 15:03:30,288 - INFO - Job eb97f154-80a5-4f23-aa74-b979ca25a90c optimization completed in 2.800 seconds.
2026-07-06 15:03:30,407 - INFO - Job eb97f154-80a5-4f23-aa74-b979ca25a90c processed successfully.
2026-07-06 17:54:50,252 - INFO - Starting BESS Orchestrator. Polling for jobs...
2026-07-06 17:57:10,027 - INFO - Starting BESS Orchestrator. Polling for jobs...
2026-07-06 17:59:20,078 - INFO - Picked up job e736a6a6-458b-439e-b78c-c93043826325. Status set to RUNNING.
2026-07-06 17:59:23,487 - INFO - Job e736a6a6-458b-439e-b78c-c93043826325 optimization completed in 3.365 seconds.
2026-07-06 17:59:27,127 - INFO - Job e736a6a6-458b-439e-b78c-c93043826325 processed successfully.
